tp 1m,TP-LINK_E630,c0:25:e9:7a:e6:2f,-45,2432
tp 1m,TP-LINK_E630,c0:25:e9:7a:e6:2f,-45,2432
tp 1m,TP-LINK_E630,c0:25:e9:7a:e6:2f,-45,2432
tp 1m,TP-LINK_E630,c0:25:e9:7a:e6:2f,-45,2432
tp 1m,TP-LINK_E630,c0:25:e9:7a:e6:2f,-45,2432
tp 1m,TP-LINK_E630,c0:25:e9:7a:e6:2f,-43,2432
tp 1m,TP-LINK_E630,c0:25:e9:7a:e6:2f,-43,2432
tp 1m,TP-LINK_E630,c0:25:e9:7a:e6:2f,-43,2432
tp 1m,TP-LINK_E630,c0:25:e9:7a:e6:2f,-43,2432
tp 1m,TP-LINK_E630,c0:25:e9:7a:e6:2f,-43,2432
tp 1m,TP-LINK_E630,c0:25:e9:7a:e6:2f,-43,2432
tp 1m,TP-LINK_E630,c0:25:e9:7a:e6:2f,-43,2432
tp 1m,TP-LINK_E630,c0:25:e9:7a:e6:2f,-43,2432
tp 1m,TP-LINK_E630,c0:25:e9:7a:e6:2f,-43,2432
tp 1m,TP-LINK_E630,c0:25:e9:7a:e6:2f,-43,2432
tp 1m,TP-LINK_E630,c0:25:e9:7a:e6:2f,-43,2432
tp 1m,TP-LINK_E630,c0:25:e9:7a:e6:2f,-43,2432
tp 1m,TP-LINK_E630,c0:25:e9:7a:e6:2f,-43,2432
tp 1m,TP-LINK_E630,c0:25:e9:7a:e6:2f,-43,2432
tp 1m,TP-LINK_E630,c0:25:e9:7a:e6:2f,-43,2432
tp 1m,TP-LINK_E630,c0:25:e9:7a:e6:2f,-43,2432
tp 1m,TP-LINK_E630,c0:25:e9:7a:e6:2f,-43,2432
tp 1m,TP-LINK_E630,c0:25:e9:7a:e6:2f,-43,2432
tp 1m,TP-LINK_E630,c0:25:e9:7a:e6:2f,-43,2432
tp 1m,TP-LINK_E630,c0:25:e9:7a:e6:2f,-43,2432
tp 1m,TP-LINK_E630,c0:25:e9:7a:e6:2f,-43,2432
tp 1m,TP-LINK_E630,c0:25:e9:7a:e6:2f,-43,2432
tp 1m,TP-LINK_E630,c0:25:e9:7a:e6:2f,-43,2432
tp 1m,TP-LINK_E630,c0:25:e9:7a:e6:2f,-43,2432
tp 1m,TP-LINK_E630,c0:25:e9:7a:e6:2f,-44,2432
tp 1m,TP-LINK_E630,c0:25:e9:7a:e6:2f,-44,2432
tp 1m,TP-LINK_E630,c0:25:e9:7a:e6:2f,-44,2432
tp 1m,TP-LINK_E630,c0:25:e9:7a:e6:2f,-44,2432
tp 1m,TP-LINK_E630,c0:25:e9:7a:e6:2f,-44,2432
tp 1m,TP-LINK_E630,c0:25:e9:7a:e6:2f,-44,2432
tp 1m,TP-LINK_E630,c0:25:e9:7a:e6:2f,-44,2432
tp 1m,TP-LINK_E630,c0:25:e9:7a:e6:2f,-44,2432
tp 1m,TP-LINK_E630,c0:25:e9:7a:e6:2f,-44,2432
tp 1m,TP-LINK_E630,c0:25:e9:7a:e6:2f,-44,2432
tp 1m,TP-LINK_E630,c0:25:e9:7a:e6:2f,-44,2432
tp 1m,TP-LINK_E630,c0:25:e9:7a:e6:2f,-44,2432
tp 1m,TP-LINK_E630,c0:25:e9:7a:e6:2f,-44,2432
tp 1m,TP-LINK_E630,c0:25:e9:7a:e6:2f,-44,2432
tp 1m,TP-LINK_E630,c0:25:e9:7a:e6:2f,-44,2432
tp 1m,TP-LINK_E630,c0:25:e9:7a:e6:2f,-44,2432
tp 1m,TP-LINK_E630,c0:25:e9:7a:e6:2f,-44,2432
tp 1m,TP-LINK_E630,c0:25:e9:7a:e6:2f,-44,2432
tp 1m,TP-LINK_E630,c0:25:e9:7a:e6:2f,-44,2432
tp 1m,TP-LINK_E630,c0:25:e9:7a:e6:2f,-44,2432
tp 1m,TP-LINK_E630,c0:25:e9:7a:e6:2f,-44,2432
tp 1m,TP-LINK_E630,c0:25:e9:7a:e6:2f,-44,2432
tp 1m,TP-LINK_E630,c0:25:e9:7a:e6:2f,-44,2432
tp 1m,TP-LINK_E630,c0:25:e9:7a:e6:2f,-44,2432
tp 1m,TP-LINK_E630,c0:25:e9:7a:e6:2f,-44,2432
tp 1m,TP-LINK_E630,c0:25:e9:7a:e6:2f,-45,2432
tp 1m,TP-LINK_E630,c0:25:e9:7a:e6:2f,-45,2432
tp 1m,TP-LINK_E630,c0:25:e9:7a:e6:2f,-45,2432
tp 1m,TP-LINK_E630,c0:25:e9:7a:e6:2f,-45,2432
tp 1m,TP-LINK_E630,c0:25:e9:7a:e6:2f,-45,2432
tp 1m,TP-LINK_E630,c0:25:e9:7a:e6:2f,-45,2432
tp 1m,TP-LINK_E630,c0:25:e9:7a:e6:2f,-45,2432
tp 1m,TP-LINK_E630,c0:25:e9:7a:e6:2f,-45,2432
tp 1m,TP-LINK_E630,c0:25:e9:7a:e6:2f,-45,2432
tp 1m,TP-LINK_E630,c0:25:e9:7a:e6:2f,-45,2432
tp 1m,TP-LINK_E630,c0:25:e9:7a:e6:2f,-45,2432
tp 1m,TP-LINK_E630,c0:25:e9:7a:e6:2f,-45,2432
tp 1m,TP-LINK_E630,c0:25:e9:7a:e6:2f,-45,2432
tp 1m,TP-LINK_E630,c0:25:e9:7a:e6:2f,-45,2432
tp 1m,TP-LINK_E630,c0:25:e9:7a:e6:2f,-45,2432
tp 1m,TP-LINK_E630,c0:25:e9:7a:e6:2f,-45,2432
tp 1m,TP-LINK_E630,c0:25:e9:7a:e6:2f,-45,2432
tp 1m,TP-LINK_E630,c0:25:e9:7a:e6:2f,-45,2432
tp 1m,TP-LINK_E630,c0:25:e9:7a:e6:2f,-45,2432
tp 1m,TP-LINK_E630,c0:25:e9:7a:e6:2f,-45,2432
tp 1m,TP-LINK_E630,c0:25:e9:7a:e6:2f,-45,2432
tp 1m,TP-LINK_E630,c0:25:e9:7a:e6:2f,-45,2432
tp 1m,TP-LINK_E630,c0:25:e9:7a:e6:2f,-45,2432
tp 1m,TP-LINK_E630,c0:25:e9:7a:e6:2f,-45,2432
tp 1m,TP-LINK_E630,c0:25:e9:7a:e6:2f,-45,2432
tp 1m,TP-LINK_E630,c0:25:e9:7a:e6:2f,-45,2432
tp 1m,TP-LINK_E630,c0:25:e9:7a:e6:2f,-45,2432
tp 1m,TP-LINK_E630,c0:25:e9:7a:e6:2f,-45,2432
tp 1m,TP-LINK_E630,c0:25:e9:7a:e6:2f,-45,2432
tp 1m,TP-LINK_E630,c0:25:e9:7a:e6:2f,-45,2432
tp 1m,TP-LINK_E630,c0:25:e9:7a:e6:2f,-45,2432
tp 1m,TP-LINK_E630,c0:25:e9:7a:e6:2f,-45,2432
tp 1m,TP-LINK_E630,c0:25:e9:7a:e6:2f,-45,2432
tp 1m,TP-LINK_E630,c0:25:e9:7a:e6:2f,-45,2432
tp 1m,TP-LINK_E630,c0:25:e9:7a:e6:2f,-45,2432
tp 1m,TP-LINK_E630,c0:25:e9:7a:e6:2f,-45,2432
tp 1m,TP-LINK_E630,c0:25:e9:7a:e6:2f,-45,2432
tp 1m,TP-LINK_E630,c0:25:e9:7a:e6:2f,-45,2432
tp 1m,TP-LINK_E630,c0:25:e9:7a:e6:2f,-45,2432
tp 1m,TP-LINK_E630,c0:25:e9:7a:e6:2f,-45,2432
tp 1m,TP-LINK_E630,c0:25:e9:7a:e6:2f,-45,2432
tp 1m,TP-LINK_E630,c0:25:e9:7a:e6:2f,-45,2432
tp 1m,TP-LINK_E630,c0:25:e9:7a:e6:2f,-45,2432
tp 1m,TP-LINK_E630,c0:25:e9:7a:e6:2f,-45,2432
tp 1m,TP-LINK_E630,c0:25:e9:7a:e6:2f,-45,2432
tp 1m,TP-LINK_E630,c0:25:e9:7a:e6:2f,-45,2432
tp 2m,TP-LINK_E630,c0:25:e9:7a:e6:2f,-45,2432
tp 2m,TP-LINK_E630,c0:25:e9:7a:e6:2f,-45,2432
tp 2m,TP-LINK_E630,c0:25:e9:7a:e6:2f,-45,2432
tp 2m,TP-LINK_E630,c0:25:e9:7a:e6:2f,-45,2432
tp 2m,TP-LINK_E630,c0:25:e9:7a:e6:2f,-45,2432
tp 2m,TP-LINK_E630,c0:25:e9:7a:e6:2f,-57,2432
tp 2m,TP-LINK_E630,c0:25:e9:7a:e6:2f,-57,2432
tp 2m,TP-LINK_E630,c0:25:e9:7a:e6:2f,-57,2432
tp 2m,TP-LINK_E630,c0:25:e9:7a:e6:2f,-57,2432
tp 2m,TP-LINK_E630,c0:25:e9:7a:e6:2f,-57,2432
tp 2m,TP-LINK_E630,c0:25:e9:7a:e6:2f,-57,2432
tp 2m,TP-LINK_E630,c0:25:e9:7a:e6:2f,-57,2432
tp 2m,TP-LINK_E630,c0:25:e9:7a:e6:2f,-57,2432
tp 2m,TP-LINK_E630,c0:25:e9:7a:e6:2f,-57,2432
tp 2m,TP-LINK_E630,c0:25:e9:7a:e6:2f,-57,2432
tp 2m,TP-LINK_E630,c0:25:e9:7a:e6:2f,-57,2432
tp 2m,TP-LINK_E630,c0:25:e9:7a:e6:2f,-57,2432
tp 2m,TP-LINK_E630,c0:25:e9:7a:e6:2f,-57,2432
tp 2m,TP-LINK_E630,c0:25:e9:7a:e6:2f,-57,2432
tp 2m,TP-LINK_E630,c0:25:e9:7a:e6:2f,-57,2432
tp 2m,TP-LINK_E630,c0:25:e9:7a:e6:2f,-57,2432
tp 2m,TP-LINK_E630,c0:25:e9:7a:e6:2f,-57,2432
tp 2m,TP-LINK_E630,c0:25:e9:7a:e6:2f,-57,2432
tp 2m,TP-LINK_E630,c0:25:e9:7a:e6:2f,-57,2432
tp 2m,TP-LINK_E630,c0:25:e9:7a:e6:2f,-57,2432
tp 2m,TP-LINK_E630,c0:25:e9:7a:e6:2f,-57,2432
tp 2m,TP-LINK_E630,c0:25:e9:7a:e6:2f,-57,2432
tp 2m,TP-LINK_E630,c0:25:e9:7a:e6:2f,-57,2432
tp 2m,TP-LINK_E630,c0:25:e9:7a:e6:2f,-57,2432
tp 2m,TP-LINK_E630,c0:25:e9:7a:e6:2f,-56,2432
tp 2m,TP-LINK_E630,c0:25:e9:7a:e6:2f,-56,2432
tp 2m,TP-LINK_E630,c0:25:e9:7a:e6:2f,-56,2432
tp 2m,TP-LINK_E630,c0:25:e9:7a:e6:2f,-56,2432
tp 2m,TP-LINK_E630,c0:25:e9:7a:e6:2f,-56,2432
tp 2m,TP-LINK_E630,c0:25:e9:7a:e6:2f,-56,2432
tp 2m,TP-LINK_E630,c0:25:e9:7a:e6:2f,-56,2432
tp 2m,TP-LINK_E630,c0:25:e9:7a:e6:2f,-56,2432
tp 2m,TP-LINK_E630,c0:25:e9:7a:e6:2f,-56,2432
tp 2m,TP-LINK_E630,c0:25:e9:7a:e6:2f,-56,2432
tp 2m,TP-LINK_E630,c0:25:e9:7a:e6:2f,-56,2432
tp 2m,TP-LINK_E630,c0:25:e9:7a:e6:2f,-56,2432
tp 2m,TP-LINK_E630,c0:25:e9:7a:e6:2f,-55,2432
tp 2m,TP-LINK_E630,c0:25:e9:7a:e6:2f,-55,2432
tp 2m,TP-LINK_E630,c0:25:e9:7a:e6:2f,-55,2432
tp 2m,TP-LINK_E630,c0:25:e9:7a:e6:2f,-55,2432
tp 2m,TP-LINK_E630,c0:25:e9:7a:e6:2f,-55,2432
tp 2m,TP-LINK_E630,c0:25:e9:7a:e6:2f,-55,2432
tp 2m,TP-LINK_E630,c0:25:e9:7a:e6:2f,-55,2432
tp 2m,TP-LINK_E630,c0:25:e9:7a:e6:2f,-55,2432
tp 2m,TP-LINK_E630,c0:25:e9:7a:e6:2f,-55,2432
tp 2m,TP-LINK_E630,c0:25:e9:7a:e6:2f,-55,2432
tp 2m,TP-LINK_E630,c0:25:e9:7a:e6:2f,-55,2432
tp 2m,TP-LINK_E630,c0:25:e9:7a:e6:2f,-55,2432
tp 2m,TP-LINK_E630,c0:25:e9:7a:e6:2f,-55,2432
tp 2m,TP-LINK_E630,c0:25:e9:7a:e6:2f,-55,2432
tp 2m,TP-LINK_E630,c0:25:e9:7a:e6:2f,-55,2432
tp 2m,TP-LINK_E630,c0:25:e9:7a:e6:2f,-55,2432
tp 2m,TP-LINK_E630,c0:25:e9:7a:e6:2f,-55,2432
tp 2m,TP-LINK_E630,c0:25:e9:7a:e6:2f,-55,2432
tp 2m,TP-LINK_E630,c0:25:e9:7a:e6:2f,-55,2432
tp 2m,TP-LINK_E630,c0:25:e9:7a:e6:2f,-55,2432
tp 2m,TP-LINK_E630,c0:25:e9:7a:e6:2f,-55,2432
tp 2m,TP-LINK_E630,c0:25:e9:7a:e6:2f,-55,2432
tp 2m,TP-LINK_E630,c0:25:e9:7a:e6:2f,-55,2432
tp 2m,TP-LINK_E630,c0:25:e9:7a:e6:2f,-55,2432
tp 2m,TP-LINK_E630,c0:25:e9:7a:e6:2f,-55,2432
tp 2m,TP-LINK_E630,c0:25:e9:7a:e6:2f,-55,2432
tp 2m,TP-LINK_E630,c0:25:e9:7a:e6:2f,-55,2432
tp 2m,TP-LINK_E630,c0:25:e9:7a:e6:2f,-55,2432
tp 2m,TP-LINK_E630,c0:25:e9:7a:e6:2f,-55,2432
tp 2m,TP-LINK_E630,c0:25:e9:7a:e6:2f,-55,2432
tp 2m,TP-LINK_E630,c0:25:e9:7a:e6:2f,-55,2432
tp 2m,TP-LINK_E630,c0:25:e9:7a:e6:2f,-55,2432
tp 2m,TP-LINK_E630,c0:25:e9:7a:e6:2f,-55,2432
tp 2m,TP-LINK_E630,c0:25:e9:7a:e6:2f,-55,2432
tp 2m,TP-LINK_E630,c0:25:e9:7a:e6:2f,-55,2432
tp 2m,TP-LINK_E630,c0:25:e9:7a:e6:2f,-55,2432
tp 2m,TP-LINK_E630,c0:25:e9:7a:e6:2f,-55,2432
tp 2m,TP-LINK_E630,c0:25:e9:7a:e6:2f,-55,2432
tp 2m,TP-LINK_E630,c0:25:e9:7a:e6:2f,-55,2432
tp 2m,TP-LINK_E630,c0:25:e9:7a:e6:2f,-55,2432
tp 2m,TP-LINK_E630,c0:25:e9:7a:e6:2f,-55,2432
tp 2m,TP-LINK_E630,c0:25:e9:7a:e6:2f,-55,2432
tp 2m,TP-LINK_E630,c0:25:e9:7a:e6:2f,-55,2432
tp 2m,TP-LINK_E630,c0:25:e9:7a:e6:2f,-55,2432
tp 2m,TP-LINK_E630,c0:25:e9:7a:e6:2f,-55,2432
tp 2m,TP-LINK_E630,c0:25:e9:7a:e6:2f,-55,2432
tp 2m,TP-LINK_E630,c0:25:e9:7a:e6:2f,-55,2432
tp 2m,TP-LINK_E630,c0:25:e9:7a:e6:2f,-55,2432
tp 2m,TP-LINK_E630,c0:25:e9:7a:e6:2f,-55,2432
tp 2m,TP-LINK_E630,c0:25:e9:7a:e6:2f,-55,2432
tp 2m,TP-LINK_E630,c0:25:e9:7a:e6:2f,-55,2432
tp 2m,TP-LINK_E630,c0:25:e9:7a:e6:2f,-55,2432
tp 2m,TP-LINK_E630,c0:25:e9:7a:e6:2f,-55,2432
tp 2m,TP-LINK_E630,c0:25:e9:7a:e6:2f,-55,2432
tp 2m,TP-LINK_E630,c0:25:e9:7a:e6:2f,-55,2432
tp 2m,TP-LINK_E630,c0:25:e9:7a:e6:2f,-55,2432
tp 2m,TP-LINK_E630,c0:25:e9:7a:e6:2f,-55,2432
tp 2m,TP-LINK_E630,c0:25:e9:7a:e6:2f,-55,2432
tp 2m,TP-LINK_E630,c0:25:e9:7a:e6:2f,-55,2432
tp 3m,TP-LINK_E630,c0:25:e9:7a:e6:2f,-57,2432
tp 3m,TP-LINK_E630,c0:25:e9:7a:e6:2f,-57,2432
tp 3m,TP-LINK_E630,c0:25:e9:7a:e6:2f,-57,2432
tp 3m,TP-LINK_E630,c0:25:e9:7a:e6:2f,-57,2432
tp 3m,TP-LINK_E630,c0:25:e9:7a:e6:2f,-57,2432
tp 3m,TP-LINK_E630,c0:25:e9:7a:e6:2f,-57,2432
tp 3m,TP-LINK_E630,c0:25:e9:7a:e6:2f,-58,2432
tp 3m,TP-LINK_E630,c0:25:e9:7a:e6:2f,-58,2432
tp 3m,TP-LINK_E630,c0:25:e9:7a:e6:2f,-58,2432
tp 3m,TP-LINK_E630,c0:25:e9:7a:e6:2f,-58,2432
tp 3m,TP-LINK_E630,c0:25:e9:7a:e6:2f,-58,2432
tp 3m,TP-LINK_E630,c0:25:e9:7a:e6:2f,-58,2432
tp 3m,TP-LINK_E630,c0:25:e9:7a:e6:2f,-58,2432
tp 3m,TP-LINK_E630,c0:25:e9:7a:e6:2f,-58,2432
tp 3m,TP-LINK_E630,c0:25:e9:7a:e6:2f,-58,2432
tp 3m,TP-LINK_E630,c0:25:e9:7a:e6:2f,-58,2432
tp 3m,TP-LINK_E630,c0:25:e9:7a:e6:2f,-58,2432
tp 3m,TP-LINK_E630,c0:25:e9:7a:e6:2f,-58,2432
tp 3m,TP-LINK_E630,c0:25:e9:7a:e6:2f,-58,2432
tp 3m,TP-LINK_E630,c0:25:e9:7a:e6:2f,-58,2432
tp 3m,TP-LINK_E630,c0:25:e9:7a:e6:2f,-58,2432
tp 3m,TP-LINK_E630,c0:25:e9:7a:e6:2f,-58,2432
tp 3m,TP-LINK_E630,c0:25:e9:7a:e6:2f,-58,2432
tp 3m,TP-LINK_E630,c0:25:e9:7a:e6:2f,-58,2432
tp 3m,TP-LINK_E630,c0:25:e9:7a:e6:2f,-58,2432
tp 3m,TP-LINK_E630,c0:25:e9:7a:e6:2f,-58,2432
tp 3m,TP-LINK_E630,c0:25:e9:7a:e6:2f,-58,2432
tp 3m,TP-LINK_E630,c0:25:e9:7a:e6:2f,-58,2432
tp 3m,TP-LINK_E630,c0:25:e9:7a:e6:2f,-58,2432
tp 3m,TP-LINK_E630,c0:25:e9:7a:e6:2f,-58,2432
tp 3m,TP-LINK_E630,c0:25:e9:7a:e6:2f,-60,2432
tp 3m,TP-LINK_E630,c0:25:e9:7a:e6:2f,-60,2432
tp 3m,TP-LINK_E630,c0:25:e9:7a:e6:2f,-60,2432
tp 3m,TP-LINK_E630,c0:25:e9:7a:e6:2f,-60,2432
tp 3m,TP-LINK_E630,c0:25:e9:7a:e6:2f,-60,2432
tp 3m,TP-LINK_E630,c0:25:e9:7a:e6:2f,-60,2432
tp 3m,TP-LINK_E630,c0:25:e9:7a:e6:2f,-60,2432
tp 3m,TP-LINK_E630,c0:25:e9:7a:e6:2f,-60,2432
tp 3m,TP-LINK_E630,c0:25:e9:7a:e6:2f,-60,2432
tp 3m,TP-LINK_E630,c0:25:e9:7a:e6:2f,-60,2432
tp 3m,TP-LINK_E630,c0:25:e9:7a:e6:2f,-60,2432
tp 3m,TP-LINK_E630,c0:25:e9:7a:e6:2f,-60,2432
tp 3m,TP-LINK_E630,c0:25:e9:7a:e6:2f,-60,2432
tp 3m,TP-LINK_E630,c0:25:e9:7a:e6:2f,-60,2432
tp 3m,TP-LINK_E630,c0:25:e9:7a:e6:2f,-60,2432
tp 3m,TP-LINK_E630,c0:25:e9:7a:e6:2f,-60,2432
tp 3m,TP-LINK_E630,c0:25:e9:7a:e6:2f,-60,2432
tp 3m,TP-LINK_E630,c0:25:e9:7a:e6:2f,-60,2432
tp 3m,TP-LINK_E630,c0:25:e9:7a:e6:2f,-60,2432
tp 3m,TP-LINK_E630,c0:25:e9:7a:e6:2f,-60,2432
tp 3m,TP-LINK_E630,c0:25:e9:7a:e6:2f,-60,2432
tp 3m,TP-LINK_E630,c0:25:e9:7a:e6:2f,-60,2432
tp 3m,TP-LINK_E630,c0:25:e9:7a:e6:2f,-60,2432
tp 3m,TP-LINK_E630,c0:25:e9:7a:e6:2f,-60,2432
tp 3m,TP-LINK_E630,c0:25:e9:7a:e6:2f,-62,2432
tp 3m,TP-LINK_E630,c0:25:e9:7a:e6:2f,-62,2432
tp 3m,TP-LINK_E630,c0:25:e9:7a:e6:2f,-62,2432
tp 3m,TP-LINK_E630,c0:25:e9:7a:e6:2f,-62,2432
tp 3m,TP-LINK_E630,c0:25:e9:7a:e6:2f,-62,2432
tp 3m,TP-LINK_E630,c0:25:e9:7a:e6:2f,-62,2432
tp 3m,TP-LINK_E630,c0:25:e9:7a:e6:2f,-62,2432
tp 3m,TP-LINK_E630,c0:25:e9:7a:e6:2f,-62,2432
tp 3m,TP-LINK_E630,c0:25:e9:7a:e6:2f,-62,2432
tp 3m,TP-LINK_E630,c0:25:e9:7a:e6:2f,-62,2432
tp 3m,TP-LINK_E630,c0:25:e9:7a:e6:2f,-62,2432
tp 3m,TP-LINK_E630,c0:25:e9:7a:e6:2f,-62,2432
tp 3m,TP-LINK_E630,c0:25:e9:7a:e6:2f,-62,2432
tp 3m,TP-LINK_E630,c0:25:e9:7a:e6:2f,-62,2432
tp 3m,TP-LINK_E630,c0:25:e9:7a:e6:2f,-62,2432
tp 3m,TP-LINK_E630,c0:25:e9:7a:e6:2f,-62,2432
tp 3m,TP-LINK_E630,c0:25:e9:7a:e6:2f,-62,2432
tp 3m,TP-LINK_E630,c0:25:e9:7a:e6:2f,-62,2432
tp 3m,TP-LINK_E630,c0:25:e9:7a:e6:2f,-62,2432
tp 3m,TP-LINK_E630,c0:25:e9:7a:e6:2f,-62,2432
tp 3m,TP-LINK_E630,c0:25:e9:7a:e6:2f,-62,2432
tp 3m,TP-LINK_E630,c0:25:e9:7a:e6:2f,-62,2432
tp 3m,TP-LINK_E630,c0:25:e9:7a:e6:2f,-62,2432
tp 3m,TP-LINK_E630,c0:25:e9:7a:e6:2f,-62,2432
tp 3m,TP-LINK_E630,c0:25:e9:7a:e6:2f,-62,2432
tp 3m,TP-LINK_E630,c0:25:e9:7a:e6:2f,-62,2432
tp 3m,TP-LINK_E630,c0:25:e9:7a:e6:2f,-62,2432
tp 3m,TP-LINK_E630,c0:25:e9:7a:e6:2f,-62,2432
tp 3m,TP-LINK_E630,c0:25:e9:7a:e6:2f,-62,2432
tp 3m,TP-LINK_E630,c0:25:e9:7a:e6:2f,-62,2432
tp 3m,TP-LINK_E630,c0:25:e9:7a:e6:2f,-62,2432
tp 3m,TP-LINK_E630,c0:25:e9:7a:e6:2f,-62,2432
tp 3m,TP-LINK_E630,c0:25:e9:7a:e6:2f,-62,2432
tp 3m,TP-LINK_E630,c0:25:e9:7a:e6:2f,-62,2432
tp 3m,TP-LINK_E630,c0:25:e9:7a:e6:2f,-62,2432
tp 3m,TP-LINK_E630,c0:25:e9:7a:e6:2f,-62,2432
tp 3m,TP-LINK_E630,c0:25:e9:7a:e6:2f,-62,2432
tp 3m,TP-LINK_E630,c0:25:e9:7a:e6:2f,-62,2432
tp 3m,TP-LINK_E630,c0:25:e9:7a:e6:2f,-62,2432
tp 3m,TP-LINK_E630,c0:25:e9:7a:e6:2f,-62,2432
tp 3m,TP-LINK_E630,c0:25:e9:7a:e6:2f,-62,2432
tp 3m,TP-LINK_E630,c0:25:e9:7a:e6:2f,-62,2432
tp 3m,TP-LINK_E630,c0:25:e9:7a:e6:2f,-62,2432
tp 3m,TP-LINK_E630,c0:25:e9:7a:e6:2f,-62,2432
tp 3m,TP-LINK_E630,c0:25:e9:7a:e6:2f,-62,2432
tp 3m,TP-LINK_E630,c0:25:e9:7a:e6:2f,-62,2432
