1,TP-LINK_E630,c0:25:e9:7a:e6:30,-54,2412
1,TP-LINK_E630,c0:25:e9:7a:e6:30,-54,2412
1,TP-LINK_E630,c0:25:e9:7a:e6:30,-54,2412
1,TP-LINK_E630,c0:25:e9:7a:e6:30,-54,2412
1,TP-LINK_E630,c0:25:e9:7a:e6:30,-54,2412
1,TP-LINK_E630,c0:25:e9:7a:e6:30,-54,2412
1,TP-LINK_E630,c0:25:e9:7a:e6:30,-54,2412
1,TP-LINK_E630,c0:25:e9:7a:e6:30,-54,2412
1,TP-LINK_E630,c0:25:e9:7a:e6:30,-54,2412
1,TP-LINK_E630,c0:25:e9:7a:e6:30,-54,2412
1,TP-LINK_E630,c0:25:e9:7a:e6:30,-54,2412
1,TP-LINK_E630,c0:25:e9:7a:e6:30,-54,2412
1,TP-LINK_E630,c0:25:e9:7a:e6:30,-54,2412
1,TP-LINK_E630,c0:25:e9:7a:e6:30,-54,2412
1,TP-LINK_E630,c0:25:e9:7a:e6:30,-54,2412
1,TP-LINK_E630,c0:25:e9:7a:e6:30,-54,2412
1,TP-LINK_E630,c0:25:e9:7a:e6:30,-54,2412
1,TP-LINK_E630,c0:25:e9:7a:e6:30,-54,2412
1,TP-LINK_E630,c0:25:e9:7a:e6:30,-54,2412
1,TP-LINK_E630,c0:25:e9:7a:e6:30,-54,2412
1,TP-LINK_E630,c0:25:e9:7a:e6:30,-52,2412
1,TP-LINK_E630,c0:25:e9:7a:e6:30,-52,2412
1,TP-LINK_E630,c0:25:e9:7a:e6:30,-52,2412
1,TP-LINK_E630,c0:25:e9:7a:e6:30,-52,2412
1,TP-LINK_E630,c0:25:e9:7a:e6:30,-52,2412
1,TP-LINK_E630,c0:25:e9:7a:e6:30,-52,2412
1,TP-LINK_E630,c0:25:e9:7a:e6:30,-52,2412
1,TP-LINK_E630,c0:25:e9:7a:e6:30,-52,2412
1,TP-LINK_E630,c0:25:e9:7a:e6:30,-52,2412
1,TP-LINK_E630,c0:25:e9:7a:e6:30,-56,2412
1,TP-LINK_E630,c0:25:e9:7a:e6:30,-56,2412
1,TP-LINK_E630,c0:25:e9:7a:e6:30,-56,2412
1,TP-LINK_E630,c0:25:e9:7a:e6:30,-56,2412
1,TP-LINK_E630,c0:25:e9:7a:e6:30,-56,2412
1,TP-LINK_E630,c0:25:e9:7a:e6:30,-56,2412
1,TP-LINK_E630,c0:25:e9:7a:e6:30,-56,2412
1,TP-LINK_E630,c0:25:e9:7a:e6:30,-56,2412
1,TP-LINK_E630,c0:25:e9:7a:e6:30,-56,2412
1,TP-LINK_E630,c0:25:e9:7a:e6:30,-56,2412
1,TP-LINK_E630,c0:25:e9:7a:e6:30,-56,2412
1,TP-LINK_E630,c0:25:e9:7a:e6:30,-56,2412
1,TP-LINK_E630,c0:25:e9:7a:e6:30,-58,2412
1,TP-LINK_E630,c0:25:e9:7a:e6:30,-58,2412
1,TP-LINK_E630,c0:25:e9:7a:e6:30,-58,2412
1,TP-LINK_E630,c0:25:e9:7a:e6:30,-58,2412
1,TP-LINK_E630,c0:25:e9:7a:e6:30,-58,2412
1,TP-LINK_E630,c0:25:e9:7a:e6:30,-58,2412
1,TP-LINK_E630,c0:25:e9:7a:e6:30,-58,2412
1,TP-LINK_E630,c0:25:e9:7a:e6:30,-58,2412
1,TP-LINK_E630,c0:25:e9:7a:e6:30,-58,2412
1,TP-LINK_E630,c0:25:e9:7a:e6:30,-59,2412
1,TP-LINK_E630,c0:25:e9:7a:e6:30,-59,2412
1,TP-LINK_E630,c0:25:e9:7a:e6:30,-59,2412
1,TP-LINK_E630,c0:25:e9:7a:e6:30,-59,2412
1,TP-LINK_E630,c0:25:e9:7a:e6:30,-59,2412
1,TP-LINK_E630,c0:25:e9:7a:e6:30,-59,2412
1,TP-LINK_E630,c0:25:e9:7a:e6:30,-59,2412
1,TP-LINK_E630,c0:25:e9:7a:e6:30,-59,2412
1,TP-LINK_E630,c0:25:e9:7a:e6:30,-59,2412
1,TP-LINK_E630,c0:25:e9:7a:e6:30,-58,2412
1,TP-LINK_E630,c0:25:e9:7a:e6:30,-58,2412
1,TP-LINK_E630,c0:25:e9:7a:e6:30,-58,2412
1,TP-LINK_E630,c0:25:e9:7a:e6:30,-58,2412
1,TP-LINK_E630,c0:25:e9:7a:e6:30,-58,2412
1,TP-LINK_E630,c0:25:e9:7a:e6:30,-58,2412
1,TP-LINK_E630,c0:25:e9:7a:e6:30,-58,2412
1,TP-LINK_E630,c0:25:e9:7a:e6:30,-58,2412
1,TP-LINK_E630,c0:25:e9:7a:e6:30,-58,2412
1,TP-LINK_E630,c0:25:e9:7a:e6:30,-58,2412
1,TP-LINK_E630,c0:25:e9:7a:e6:30,-58,2412
1,TP-LINK_E630,c0:25:e9:7a:e6:30,-58,2412
1,TP-LINK_E630,c0:25:e9:7a:e6:30,-58,2412
1,TP-LINK_E630,c0:25:e9:7a:e6:30,-58,2412
1,TP-LINK_E630,c0:25:e9:7a:e6:30,-58,2412
1,TP-LINK_E630,c0:25:e9:7a:e6:30,-58,2412
1,TP-LINK_E630,c0:25:e9:7a:e6:30,-58,2412
1,TP-LINK_E630,c0:25:e9:7a:e6:30,-58,2412
1,TP-LINK_E630,c0:25:e9:7a:e6:30,-58,2412
1,TP-LINK_E630,c0:25:e9:7a:e6:30,-58,2412
1,TP-LINK_E630,c0:25:e9:7a:e6:30,-58,2412
1,TP-LINK_E630,c0:25:e9:7a:e6:30,-58,2412
1,TP-LINK_E630,c0:25:e9:7a:e6:30,-58,2412
1,TP-LINK_E630,c0:25:e9:7a:e6:30,-58,2412
1,TP-LINK_E630,c0:25:e9:7a:e6:30,-58,2412
1,TP-LINK_E630,c0:25:e9:7a:e6:30,-58,2412
1,TP-LINK_E630,c0:25:e9:7a:e6:30,-58,2412
1,TP-LINK_E630,c0:25:e9:7a:e6:30,-58,2412
1,TP-LINK_E630,c0:25:e9:7a:e6:30,-58,2412
1,TP-LINK_E630,c0:25:e9:7a:e6:30,-58,2412
1,TP-LINK_E630,c0:25:e9:7a:e6:30,-58,2412
1,TP-LINK_E630,c0:25:e9:7a:e6:30,-58,2412
1,TP-LINK_E630,c0:25:e9:7a:e6:30,-58,2412
1,TP-LINK_E630,c0:25:e9:7a:e6:30,-58,2412
1,TP-LINK_E630,c0:25:e9:7a:e6:30,-59,2412
1,TP-LINK_E630,c0:25:e9:7a:e6:30,-59,2412
1,TP-LINK_E630,c0:25:e9:7a:e6:30,-59,2412
1,TP-LINK_E630,c0:25:e9:7a:e6:30,-59,2412
1,TP-LINK_E630,c0:25:e9:7a:e6:30,-59,2412
1,TP-LINK_E630,c0:25:e9:7a:e6:30,-59,2412
1,TP-LINK_E630,c0:25:e9:7a:e6:30,-59,2412
1,TP-LINK_E630,c0:25:e9:7a:e6:30,-59,2412
1,TP-LINK_E630,c0:25:e9:7a:e6:30,-59,2412
1,TP-LINK_E630,c0:25:e9:7a:e6:30,-57,2412
1,TP-LINK_E630,c0:25:e9:7a:e6:30,-57,2412
1,TP-LINK_E630,c0:25:e9:7a:e6:30,-57,2412
1,TP-LINK_E630,c0:25:e9:7a:e6:30,-57,2412
1,TP-LINK_E630,c0:25:e9:7a:e6:30,-57,2412
1,TP-LINK_E630,c0:25:e9:7a:e6:30,-57,2412
1,TP-LINK_E630,c0:25:e9:7a:e6:30,-57,2412
1,TP-LINK_E630,c0:25:e9:7a:e6:30,-57,2412
1,TP-LINK_E630,c0:25:e9:7a:e6:30,-57,2412
1,TP-LINK_E630,c0:25:e9:7a:e6:30,-52,2412
1,TP-LINK_E630,c0:25:e9:7a:e6:30,-52,2412
1,TP-LINK_E630,c0:25:e9:7a:e6:30,-52,2412
1,TP-LINK_E630,c0:25:e9:7a:e6:30,-52,2412
1,TP-LINK_E630,c0:25:e9:7a:e6:30,-52,2412
1,TP-LINK_E630,c0:25:e9:7a:e6:30,-52,2412
1,TP-LINK_E630,c0:25:e9:7a:e6:30,-52,2412
1,TP-LINK_E630,c0:25:e9:7a:e6:30,-52,2412
1,TP-LINK_E630,c0:25:e9:7a:e6:30,-52,2412
1,TP-LINK_E630,c0:25:e9:7a:e6:30,-51,2412
1,TP-LINK_E630,c0:25:e9:7a:e6:30,-51,2412
1,TP-LINK_E630,c0:25:e9:7a:e6:30,-51,2412
1,TP-LINK_E630,c0:25:e9:7a:e6:30,-51,2412
1,TP-LINK_E630,c0:25:e9:7a:e6:30,-51,2412
1,TP-LINK_E630,c0:25:e9:7a:e6:30,-51,2412
1,TP-LINK_E630,c0:25:e9:7a:e6:30,-51,2412
1,TP-LINK_E630,c0:25:e9:7a:e6:30,-51,2412
1,TP-LINK_E630,c0:25:e9:7a:e6:30,-51,2412
1,TP-LINK_E630,c0:25:e9:7a:e6:30,-51,2412
1,TP-LINK_E630,c0:25:e9:7a:e6:30,-51,2412
1,TP-LINK_E630,c0:25:e9:7a:e6:30,-51,2412
1,TP-LINK_E630,c0:25:e9:7a:e6:30,-51,2412
1,TP-LINK_E630,c0:25:e9:7a:e6:30,-51,2412
1,TP-LINK_E630,c0:25:e9:7a:e6:30,-51,2412
1,TP-LINK_E630,c0:25:e9:7a:e6:30,-51,2412
1,TP-LINK_E630,c0:25:e9:7a:e6:30,-51,2412
1,TP-LINK_E630,c0:25:e9:7a:e6:30,-51,2412
1,TP-LINK_E630,c0:25:e9:7a:e6:30,-50,2412
1,TP-LINK_E630,c0:25:e9:7a:e6:30,-50,2412
1,TP-LINK_E630,c0:25:e9:7a:e6:30,-50,2412
1,TP-LINK_E630,c0:25:e9:7a:e6:30,-50,2412
1,TP-LINK_E630,c0:25:e9:7a:e6:30,-50,2412
1,TP-LINK_E630,c0:25:e9:7a:e6:30,-50,2412
1,TP-LINK_E630,c0:25:e9:7a:e6:30,-50,2412
1,TP-LINK_E630,c0:25:e9:7a:e6:30,-50,2412
1,TP-LINK_E630,c0:25:e9:7a:e6:30,-50,2412
1,TP-LINK_E630,c0:25:e9:7a:e6:30,-50,2412
1,TP-LINK_E630,c0:25:e9:7a:e6:30,-50,2412
1,TP-LINK_E630,c0:25:e9:7a:e6:30,-50,2412
1,TP-LINK_E630,c0:25:e9:7a:e6:30,-50,2412
1,TP-LINK_E630,c0:25:e9:7a:e6:30,-50,2412
1,TP-LINK_E630,c0:25:e9:7a:e6:30,-50,2412
1,TP-LINK_E630,c0:25:e9:7a:e6:30,-50,2412
1,TP-LINK_E630,c0:25:e9:7a:e6:30,-50,2412
1,TP-LINK_E630,c0:25:e9:7a:e6:30,-52,2412
1,TP-LINK_E630,c0:25:e9:7a:e6:30,-52,2412
1,TP-LINK_E630,c0:25:e9:7a:e6:30,-52,2412
1,TP-LINK_E630,c0:25:e9:7a:e6:30,-52,2412
1,TP-LINK_E630,c0:25:e9:7a:e6:30,-52,2412
1,TP-LINK_E630,c0:25:e9:7a:e6:30,-52,2412
1,TP-LINK_E630,c0:25:e9:7a:e6:30,-52,2412
1,TP-LINK_E630,c0:25:e9:7a:e6:30,-52,2412
1,TP-LINK_E630,c0:25:e9:7a:e6:30,-52,2412
1,TP-LINK_E630,c0:25:e9:7a:e6:30,-54,2412
1,TP-LINK_E630,c0:25:e9:7a:e6:30,-54,2412
1,TP-LINK_E630,c0:25:e9:7a:e6:30,-54,2412
1,TP-LINK_E630,c0:25:e9:7a:e6:30,-54,2412
1,TP-LINK_E630,c0:25:e9:7a:e6:30,-54,2412
1,TP-LINK_E630,c0:25:e9:7a:e6:30,-54,2412
1,TP-LINK_E630,c0:25:e9:7a:e6:30,-54,2412
1,TP-LINK_E630,c0:25:e9:7a:e6:30,-54,2412
1,TP-LINK_E630,c0:25:e9:7a:e6:30,-54,2412
1,TP-LINK_E630,c0:25:e9:7a:e6:30,-54,2412
1,TP-LINK_E630,c0:25:e9:7a:e6:30,-54,2412
1,TP-LINK_E630,c0:25:e9:7a:e6:30,-54,2412
1,TP-LINK_E630,c0:25:e9:7a:e6:30,-54,2412
1,TP-LINK_E630,c0:25:e9:7a:e6:30,-54,2412
1,TP-LINK_E630,c0:25:e9:7a:e6:30,-54,2412
1,TP-LINK_E630,c0:25:e9:7a:e6:30,-54,2412
1,TP-LINK_E630,c0:25:e9:7a:e6:30,-54,2412
1,TP-LINK_E630,c0:25:e9:7a:e6:30,-54,2412
1,TP-LINK_E630,c0:25:e9:7a:e6:30,-54,2412
1,TP-LINK_E630,c0:25:e9:7a:e6:30,-54,2412
1,TP-LINK_E630,c0:25:e9:7a:e6:30,-54,2412
1,TP-LINK_E630,c0:25:e9:7a:e6:30,-54,2412
1,TP-LINK_E630,c0:25:e9:7a:e6:30,-54,2412
1,TP-LINK_E630,c0:25:e9:7a:e6:30,-54,2412
1,TP-LINK_E630,c0:25:e9:7a:e6:30,-54,2412
1,TP-LINK_E630,c0:25:e9:7a:e6:30,-54,2412
1,TP-LINK_E630,c0:25:e9:7a:e6:30,-54,2412
1,TP-LINK_E630,c0:25:e9:7a:e6:30,-54,2412
1,TP-LINK_E630,c0:25:e9:7a:e6:30,-54,2412
1,TP-LINK_E630,c0:25:e9:7a:e6:30,-54,2412
1,TP-LINK_E630,c0:25:e9:7a:e6:30,-54,2412
1,TP-LINK_E630,c0:25:e9:7a:e6:30,-54,2412
1,TP-LINK_E630,c0:25:e9:7a:e6:30,-54,2412
1,TP-LINK_E630,c0:25:e9:7a:e6:30,-54,2412
1,TP-LINK_E630,c0:25:e9:7a:e6:30,-54,2412
1,TP-LINK_E630,c0:25:e9:7a:e6:30,-54,2412
1.5,TP-LINK_E630,c0:25:e9:7a:e6:30,-54,2412
1.5,TP-LINK_E630,c0:25:e9:7a:e6:30,-54,2412
1.5,TP-LINK_E630,c0:25:e9:7a:e6:30,-61,2412
1.5,TP-LINK_E630,c0:25:e9:7a:e6:30,-61,2412
1.5,TP-LINK_E630,c0:25:e9:7a:e6:30,-61,2412
1.5,TP-LINK_E630,c0:25:e9:7a:e6:30,-61,2412
1.5,TP-LINK_E630,c0:25:e9:7a:e6:30,-61,2412
1.5,TP-LINK_E630,c0:25:e9:7a:e6:30,-61,2412
1.5,TP-LINK_E630,c0:25:e9:7a:e6:30,-61,2412
1.5,TP-LINK_E630,c0:25:e9:7a:e6:30,-61,2412
1.5,TP-LINK_E630,c0:25:e9:7a:e6:30,-61,2412
1.5,TP-LINK_E630,c0:25:e9:7a:e6:30,-61,2412
1.5,TP-LINK_E630,c0:25:e9:7a:e6:30,-61,2412
1.5,TP-LINK_E630,c0:25:e9:7a:e6:30,-61,2412
1.5,TP-LINK_E630,c0:25:e9:7a:e6:30,-61,2412
1.5,TP-LINK_E630,c0:25:e9:7a:e6:30,-61,2412
1.5,TP-LINK_E630,c0:25:e9:7a:e6:30,-61,2412
1.5,TP-LINK_E630,c0:25:e9:7a:e6:30,-61,2412
1.5,TP-LINK_E630,c0:25:e9:7a:e6:30,-61,2412
1.5,TP-LINK_E630,c0:25:e9:7a:e6:30,-61,2412
1.5,TP-LINK_E630,c0:25:e9:7a:e6:30,-60,2412
1.5,TP-LINK_E630,c0:25:e9:7a:e6:30,-60,2412
1.5,TP-LINK_E630,c0:25:e9:7a:e6:30,-60,2412
1.5,TP-LINK_E630,c0:25:e9:7a:e6:30,-60,2412
1.5,TP-LINK_E630,c0:25:e9:7a:e6:30,-60,2412
1.5,TP-LINK_E630,c0:25:e9:7a:e6:30,-60,2412
1.5,TP-LINK_E630,c0:25:e9:7a:e6:30,-60,2412
1.5,TP-LINK_E630,c0:25:e9:7a:e6:30,-60,2412
1.5,TP-LINK_E630,c0:25:e9:7a:e6:30,-60,2412
1.5,TP-LINK_E630,c0:25:e9:7a:e6:30,-60,2412
1.5,TP-LINK_E630,c0:25:e9:7a:e6:30,-60,2412
1.5,TP-LINK_E630,c0:25:e9:7a:e6:30,-60,2412
1.5,TP-LINK_E630,c0:25:e9:7a:e6:30,-60,2412
1.5,TP-LINK_E630,c0:25:e9:7a:e6:30,-60,2412
1.5,TP-LINK_E630,c0:25:e9:7a:e6:30,-60,2412
1.5,TP-LINK_E630,c0:25:e9:7a:e6:30,-60,2412
1.5,TP-LINK_E630,c0:25:e9:7a:e6:30,-60,2412
1.5,TP-LINK_E630,c0:25:e9:7a:e6:30,-60,2412
1.5,TP-LINK_E630,c0:25:e9:7a:e6:30,-58,2412
1.5,TP-LINK_E630,c0:25:e9:7a:e6:30,-58,2412
1.5,TP-LINK_E630,c0:25:e9:7a:e6:30,-58,2412
1.5,TP-LINK_E630,c0:25:e9:7a:e6:30,-58,2412
1.5,TP-LINK_E630,c0:25:e9:7a:e6:30,-58,2412
1.5,TP-LINK_E630,c0:25:e9:7a:e6:30,-58,2412
1.5,TP-LINK_E630,c0:25:e9:7a:e6:30,-58,2412
1.5,TP-LINK_E630,c0:25:e9:7a:e6:30,-58,2412
1.5,TP-LINK_E630,c0:25:e9:7a:e6:30,-58,2412
1.5,TP-LINK_E630,c0:25:e9:7a:e6:30,-58,2412
1.5,TP-LINK_E630,c0:25:e9:7a:e6:30,-58,2412
1.5,TP-LINK_E630,c0:25:e9:7a:e6:30,-58,2412
1.5,TP-LINK_E630,c0:25:e9:7a:e6:30,-58,2412
1.5,TP-LINK_E630,c0:25:e9:7a:e6:30,-58,2412
1.5,TP-LINK_E630,c0:25:e9:7a:e6:30,-58,2412
1.5,TP-LINK_E630,c0:25:e9:7a:e6:30,-58,2412
1.5,TP-LINK_E630,c0:25:e9:7a:e6:30,-58,2412
1.5,TP-LINK_E630,c0:25:e9:7a:e6:30,-58,2412
1.5,TP-LINK_E630,c0:25:e9:7a:e6:30,-58,2412
1.5,TP-LINK_E630,c0:25:e9:7a:e6:30,-58,2412
1.5,TP-LINK_E630,c0:25:e9:7a:e6:30,-58,2412
1.5,TP-LINK_E630,c0:25:e9:7a:e6:30,-58,2412
1.5,TP-LINK_E630,c0:25:e9:7a:e6:30,-58,2412
1.5,TP-LINK_E630,c0:25:e9:7a:e6:30,-58,2412
1.5,TP-LINK_E630,c0:25:e9:7a:e6:30,-58,2412
1.5,TP-LINK_E630,c0:25:e9:7a:e6:30,-58,2412
1.5,TP-LINK_E630,c0:25:e9:7a:e6:30,-58,2412
1.5,TP-LINK_E630,c0:25:e9:7a:e6:30,-58,2412
1.5,TP-LINK_E630,c0:25:e9:7a:e6:30,-58,2412
1.5,TP-LINK_E630,c0:25:e9:7a:e6:30,-58,2412
1.5,TP-LINK_E630,c0:25:e9:7a:e6:30,-58,2412
1.5,TP-LINK_E630,c0:25:e9:7a:e6:30,-58,2412
1.5,TP-LINK_E630,c0:25:e9:7a:e6:30,-58,2412
1.5,TP-LINK_E630,c0:25:e9:7a:e6:30,-58,2412
1.5,TP-LINK_E630,c0:25:e9:7a:e6:30,-58,2412
1.5,TP-LINK_E630,c0:25:e9:7a:e6:30,-58,2412
1.5,TP-LINK_E630,c0:25:e9:7a:e6:30,-58,2412
1.5,TP-LINK_E630,c0:25:e9:7a:e6:30,-58,2412
1.5,TP-LINK_E630,c0:25:e9:7a:e6:30,-58,2412
1.5,TP-LINK_E630,c0:25:e9:7a:e6:30,-58,2412
1.5,TP-LINK_E630,c0:25:e9:7a:e6:30,-58,2412
1.5,TP-LINK_E630,c0:25:e9:7a:e6:30,-58,2412
1.5,TP-LINK_E630,c0:25:e9:7a:e6:30,-58,2412
1.5,TP-LINK_E630,c0:25:e9:7a:e6:30,-58,2412
1.5,TP-LINK_E630,c0:25:e9:7a:e6:30,-58,2412
1.5,TP-LINK_E630,c0:25:e9:7a:e6:30,-58,2412
1.5,TP-LINK_E630,c0:25:e9:7a:e6:30,-58,2412
1.5,TP-LINK_E630,c0:25:e9:7a:e6:30,-58,2412
1.5,TP-LINK_E630,c0:25:e9:7a:e6:30,-58,2412
1.5,TP-LINK_E630,c0:25:e9:7a:e6:30,-58,2412
1.5,TP-LINK_E630,c0:25:e9:7a:e6:30,-58,2412
1.5,TP-LINK_E630,c0:25:e9:7a:e6:30,-58,2412
1.5,TP-LINK_E630,c0:25:e9:7a:e6:30,-58,2412
1.5,TP-LINK_E630,c0:25:e9:7a:e6:30,-58,2412
1.5,TP-LINK_E630,c0:25:e9:7a:e6:30,-58,2412
1.5,TP-LINK_E630,c0:25:e9:7a:e6:30,-58,2412
1.5,TP-LINK_E630,c0:25:e9:7a:e6:30,-58,2412
1.5,TP-LINK_E630,c0:25:e9:7a:e6:30,-58,2412
1.5,TP-LINK_E630,c0:25:e9:7a:e6:30,-58,2412
1.5,TP-LINK_E630,c0:25:e9:7a:e6:30,-58,2412
1.5,TP-LINK_E630,c0:25:e9:7a:e6:30,-58,2412
1.5,TP-LINK_E630,c0:25:e9:7a:e6:30,-58,2412
1.5,TP-LINK_E630,c0:25:e9:7a:e6:30,-58,2412
1.5,TP-LINK_E630,c0:25:e9:7a:e6:30,-58,2412
1.5,TP-LINK_E630,c0:25:e9:7a:e6:30,-58,2412
1.5,TP-LINK_E630,c0:25:e9:7a:e6:30,-58,2412
1.5,TP-LINK_E630,c0:25:e9:7a:e6:30,-58,2412
1.5,TP-LINK_E630,c0:25:e9:7a:e6:30,-58,2412
1.5,TP-LINK_E630,c0:25:e9:7a:e6:30,-58,2412
1.5,TP-LINK_E630,c0:25:e9:7a:e6:30,-58,2412
1.5,TP-LINK_E630,c0:25:e9:7a:e6:30,-58,2412
1.5,TP-LINK_E630,c0:25:e9:7a:e6:30,-58,2412
1.5,TP-LINK_E630,c0:25:e9:7a:e6:30,-58,2412
1.5,TP-LINK_E630,c0:25:e9:7a:e6:30,-59,2412
1.5,TP-LINK_E630,c0:25:e9:7a:e6:30,-59,2412
1.5,TP-LINK_E630,c0:25:e9:7a:e6:30,-59,2412
1.5,TP-LINK_E630,c0:25:e9:7a:e6:30,-59,2412
1.5,TP-LINK_E630,c0:25:e9:7a:e6:30,-59,2412
1.5,TP-LINK_E630,c0:25:e9:7a:e6:30,-59,2412
1.5,TP-LINK_E630,c0:25:e9:7a:e6:30,-59,2412
1.5,TP-LINK_E630,c0:25:e9:7a:e6:30,-59,2412
1.5,TP-LINK_E630,c0:25:e9:7a:e6:30,-60,2412
1.5,TP-LINK_E630,c0:25:e9:7a:e6:30,-60,2412
1.5,TP-LINK_E630,c0:25:e9:7a:e6:30,-60,2412
1.5,TP-LINK_E630,c0:25:e9:7a:e6:30,-60,2412
1.5,TP-LINK_E630,c0:25:e9:7a:e6:30,-60,2412
1.5,TP-LINK_E630,c0:25:e9:7a:e6:30,-60,2412
1.5,TP-LINK_E630,c0:25:e9:7a:e6:30,-60,2412
1.5,TP-LINK_E630,c0:25:e9:7a:e6:30,-60,2412
1.5,TP-LINK_E630,c0:25:e9:7a:e6:30,-60,2412
1.5,TP-LINK_E630,c0:25:e9:7a:e6:30,-60,2412
1.5,TP-LINK_E630,c0:25:e9:7a:e6:30,-60,2412
1.5,TP-LINK_E630,c0:25:e9:7a:e6:30,-60,2412
1.5,TP-LINK_E630,c0:25:e9:7a:e6:30,-60,2412
1.5,TP-LINK_E630,c0:25:e9:7a:e6:30,-60,2412
1.5,TP-LINK_E630,c0:25:e9:7a:e6:30,-60,2412
1.5,TP-LINK_E630,c0:25:e9:7a:e6:30,-60,2412
1.5,TP-LINK_E630,c0:25:e9:7a:e6:30,-60,2412
1.5,TP-LINK_E630,c0:25:e9:7a:e6:30,-60,2412
1.5,TP-LINK_E630,c0:25:e9:7a:e6:30,-56,2412
1.5,TP-LINK_E630,c0:25:e9:7a:e6:30,-56,2412
1.5,TP-LINK_E630,c0:25:e9:7a:e6:30,-56,2412
1.5,TP-LINK_E630,c0:25:e9:7a:e6:30,-56,2412
1.5,TP-LINK_E630,c0:25:e9:7a:e6:30,-56,2412
1.5,TP-LINK_E630,c0:25:e9:7a:e6:30,-56,2412
1.5,TP-LINK_E630,c0:25:e9:7a:e6:30,-56,2412
1.5,TP-LINK_E630,c0:25:e9:7a:e6:30,-56,2412
1.5,TP-LINK_E630,c0:25:e9:7a:e6:30,-56,2412
1.5,TP-LINK_E630,c0:25:e9:7a:e6:30,-58,2412
1.5,TP-LINK_E630,c0:25:e9:7a:e6:30,-58,2412
1.5,TP-LINK_E630,c0:25:e9:7a:e6:30,-58,2412
1.5,TP-LINK_E630,c0:25:e9:7a:e6:30,-58,2412
1.5,TP-LINK_E630,c0:25:e9:7a:e6:30,-58,2412
1.5,TP-LINK_E630,c0:25:e9:7a:e6:30,-58,2412
1.5,TP-LINK_E630,c0:25:e9:7a:e6:30,-58,2412
1.5,TP-LINK_E630,c0:25:e9:7a:e6:30,-58,2412
1.5,TP-LINK_E630,c0:25:e9:7a:e6:30,-58,2412
1.5,TP-LINK_E630,c0:25:e9:7a:e6:30,-58,2412
1.5,TP-LINK_E630,c0:25:e9:7a:e6:30,-58,2412
1.5,TP-LINK_E630,c0:25:e9:7a:e6:30,-58,2412
1.5,TP-LINK_E630,c0:25:e9:7a:e6:30,-58,2412
1.5,TP-LINK_E630,c0:25:e9:7a:e6:30,-58,2412
1.5,TP-LINK_E630,c0:25:e9:7a:e6:30,-58,2412
1.5,TP-LINK_E630,c0:25:e9:7a:e6:30,-58,2412
1.5,TP-LINK_E630,c0:25:e9:7a:e6:30,-58,2412
1.5,TP-LINK_E630,c0:25:e9:7a:e6:30,-58,2412
1.5,TP-LINK_E630,c0:25:e9:7a:e6:30,-58,2412
1.5,TP-LINK_E630,c0:25:e9:7a:e6:30,-58,2412
1.5,TP-LINK_E630,c0:25:e9:7a:e6:30,-58,2412
1.5,TP-LINK_E630,c0:25:e9:7a:e6:30,-58,2412
1.5,TP-LINK_E630,c0:25:e9:7a:e6:30,-58,2412
1.5,TP-LINK_E630,c0:25:e9:7a:e6:30,-58,2412
1.5,TP-LINK_E630,c0:25:e9:7a:e6:30,-58,2412
1.5,TP-LINK_E630,c0:25:e9:7a:e6:30,-58,2412
1.5,TP-LINK_E630,c0:25:e9:7a:e6:30,-58,2412
1.5,TP-LINK_E630,c0:25:e9:7a:e6:30,-58,2412
1.5,TP-LINK_E630,c0:25:e9:7a:e6:30,-58,2412
1.5,TP-LINK_E630,c0:25:e9:7a:e6:30,-58,2412
1.5,TP-LINK_E630,c0:25:e9:7a:e6:30,-58,2412
1.5,TP-LINK_E630,c0:25:e9:7a:e6:30,-58,2412
1.5,TP-LINK_E630,c0:25:e9:7a:e6:30,-58,2412
1.5,TP-LINK_E630,c0:25:e9:7a:e6:30,-58,2412
1.5,TP-LINK_E630,c0:25:e9:7a:e6:30,-58,2412
1.5,TP-LINK_E630,c0:25:e9:7a:e6:30,-58,2412
1.5,TP-LINK_E630,c0:25:e9:7a:e6:30,-58,2412
1.5,TP-LINK_E630,c0:25:e9:7a:e6:30,-58,2412
1.5,TP-LINK_E630,c0:25:e9:7a:e6:30,-58,2412
1.5,TP-LINK_E630,c0:25:e9:7a:e6:30,-58,2412
1.5,TP-LINK_E630,c0:25:e9:7a:e6:30,-58,2412
1.5,TP-LINK_E630,c0:25:e9:7a:e6:30,-58,2412
1.5,TP-LINK_E630,c0:25:e9:7a:e6:30,-58,2412
1.5,TP-LINK_E630,c0:25:e9:7a:e6:30,-58,2412
1.5,TP-LINK_E630,c0:25:e9:7a:e6:30,-58,2412
1.5,TP-LINK_E630,c0:25:e9:7a:e6:30,-58,2412
1.5,TP-LINK_E630,c0:25:e9:7a:e6:30,-58,2412
1.5,TP-LINK_E630,c0:25:e9:7a:e6:30,-58,2412
1.5,TP-LINK_E630,c0:25:e9:7a:e6:30,-58,2412
1.5,TP-LINK_E630,c0:25:e9:7a:e6:30,-58,2412
1.5,TP-LINK_E630,c0:25:e9:7a:e6:30,-58,2412
1.5,TP-LINK_E630,c0:25:e9:7a:e6:30,-60,2412
1.5,TP-LINK_E630,c0:25:e9:7a:e6:30,-60,2412
1.5,TP-LINK_E630,c0:25:e9:7a:e6:30,-60,2412
2,TP-LINK_E630,c0:25:e9:7a:e6:30,-60,2412
2,TP-LINK_E630,c0:25:e9:7a:e6:30,-60,2412
2,TP-LINK_E630,c0:25:e9:7a:e6:30,-56,2412
2,TP-LINK_E630,c0:25:e9:7a:e6:30,-56,2412
2,TP-LINK_E630,c0:25:e9:7a:e6:30,-56,2412
2,TP-LINK_E630,c0:25:e9:7a:e6:30,-56,2412
2,TP-LINK_E630,c0:25:e9:7a:e6:30,-56,2412
2,TP-LINK_E630,c0:25:e9:7a:e6:30,-56,2412
2,TP-LINK_E630,c0:25:e9:7a:e6:30,-56,2412
2,TP-LINK_E630,c0:25:e9:7a:e6:30,-56,2412
2,TP-LINK_E630,c0:25:e9:7a:e6:30,-56,2412
2,TP-LINK_E630,c0:25:e9:7a:e6:30,-60,2412
2,TP-LINK_E630,c0:25:e9:7a:e6:30,-60,2412
2,TP-LINK_E630,c0:25:e9:7a:e6:30,-60,2412
2,TP-LINK_E630,c0:25:e9:7a:e6:30,-60,2412
2,TP-LINK_E630,c0:25:e9:7a:e6:30,-60,2412
2,TP-LINK_E630,c0:25:e9:7a:e6:30,-60,2412
2,TP-LINK_E630,c0:25:e9:7a:e6:30,-60,2412
2,TP-LINK_E630,c0:25:e9:7a:e6:30,-60,2412
2,TP-LINK_E630,c0:25:e9:7a:e6:30,-60,2412
2,TP-LINK_E630,c0:25:e9:7a:e6:30,-65,2412
2,TP-LINK_E630,c0:25:e9:7a:e6:30,-65,2412
2,TP-LINK_E630,c0:25:e9:7a:e6:30,-65,2412
2,TP-LINK_E630,c0:25:e9:7a:e6:30,-65,2412
2,TP-LINK_E630,c0:25:e9:7a:e6:30,-65,2412
2,TP-LINK_E630,c0:25:e9:7a:e6:30,-65,2412
2,TP-LINK_E630,c0:25:e9:7a:e6:30,-65,2412
2,TP-LINK_E630,c0:25:e9:7a:e6:30,-65,2412
2,TP-LINK_E630,c0:25:e9:7a:e6:30,-65,2412
2,TP-LINK_E630,c0:25:e9:7a:e6:30,-60,2412
2,TP-LINK_E630,c0:25:e9:7a:e6:30,-60,2412
2,TP-LINK_E630,c0:25:e9:7a:e6:30,-60,2412
2,TP-LINK_E630,c0:25:e9:7a:e6:30,-60,2412
2,TP-LINK_E630,c0:25:e9:7a:e6:30,-60,2412
2,TP-LINK_E630,c0:25:e9:7a:e6:30,-60,2412
2,TP-LINK_E630,c0:25:e9:7a:e6:30,-60,2412
2,TP-LINK_E630,c0:25:e9:7a:e6:30,-60,2412
2,TP-LINK_E630,c0:25:e9:7a:e6:30,-60,2412
2,TP-LINK_E630,c0:25:e9:7a:e6:30,-60,2412
2,TP-LINK_E630,c0:25:e9:7a:e6:30,-60,2412
2,TP-LINK_E630,c0:25:e9:7a:e6:30,-60,2412
2,TP-LINK_E630,c0:25:e9:7a:e6:30,-60,2412
2,TP-LINK_E630,c0:25:e9:7a:e6:30,-60,2412
2,TP-LINK_E630,c0:25:e9:7a:e6:30,-60,2412
2,TP-LINK_E630,c0:25:e9:7a:e6:30,-60,2412
2,TP-LINK_E630,c0:25:e9:7a:e6:30,-60,2412
2,TP-LINK_E630,c0:25:e9:7a:e6:30,-60,2412
2,TP-LINK_E630,c0:25:e9:7a:e6:30,-60,2412
2,TP-LINK_E630,c0:25:e9:7a:e6:30,-60,2412
2,TP-LINK_E630,c0:25:e9:7a:e6:30,-60,2412
2,TP-LINK_E630,c0:25:e9:7a:e6:30,-60,2412
2,TP-LINK_E630,c0:25:e9:7a:e6:30,-60,2412
2,TP-LINK_E630,c0:25:e9:7a:e6:30,-60,2412
2,TP-LINK_E630,c0:25:e9:7a:e6:30,-60,2412
2,TP-LINK_E630,c0:25:e9:7a:e6:30,-64,2412
2,TP-LINK_E630,c0:25:e9:7a:e6:30,-64,2412
2,TP-LINK_E630,c0:25:e9:7a:e6:30,-64,2412
2,TP-LINK_E630,c0:25:e9:7a:e6:30,-64,2412
2,TP-LINK_E630,c0:25:e9:7a:e6:30,-64,2412
2,TP-LINK_E630,c0:25:e9:7a:e6:30,-64,2412
2,TP-LINK_E630,c0:25:e9:7a:e6:30,-64,2412
2,TP-LINK_E630,c0:25:e9:7a:e6:30,-64,2412
2,TP-LINK_E630,c0:25:e9:7a:e6:30,-64,2412
2,TP-LINK_E630,c0:25:e9:7a:e6:30,-64,2412
2,TP-LINK_E630,c0:25:e9:7a:e6:30,-64,2412
2,TP-LINK_E630,c0:25:e9:7a:e6:30,-64,2412
2,TP-LINK_E630,c0:25:e9:7a:e6:30,-64,2412
2,TP-LINK_E630,c0:25:e9:7a:e6:30,-64,2412
2,TP-LINK_E630,c0:25:e9:7a:e6:30,-64,2412
2,TP-LINK_E630,c0:25:e9:7a:e6:30,-64,2412
2,TP-LINK_E630,c0:25:e9:7a:e6:30,-64,2412
2,TP-LINK_E630,c0:25:e9:7a:e6:30,-64,2412
2,TP-LINK_E630,c0:25:e9:7a:e6:30,-62,2412
2,TP-LINK_E630,c0:25:e9:7a:e6:30,-62,2412
2,TP-LINK_E630,c0:25:e9:7a:e6:30,-62,2412
2,TP-LINK_E630,c0:25:e9:7a:e6:30,-62,2412
2,TP-LINK_E630,c0:25:e9:7a:e6:30,-62,2412
2,TP-LINK_E630,c0:25:e9:7a:e6:30,-62,2412
2,TP-LINK_E630,c0:25:e9:7a:e6:30,-62,2412
2,TP-LINK_E630,c0:25:e9:7a:e6:30,-62,2412
2,TP-LINK_E630,c0:25:e9:7a:e6:30,-62,2412
2,TP-LINK_E630,c0:25:e9:7a:e6:30,-62,2412
2,TP-LINK_E630,c0:25:e9:7a:e6:30,-62,2412
2,TP-LINK_E630,c0:25:e9:7a:e6:30,-62,2412
2,TP-LINK_E630,c0:25:e9:7a:e6:30,-62,2412
2,TP-LINK_E630,c0:25:e9:7a:e6:30,-62,2412
2,TP-LINK_E630,c0:25:e9:7a:e6:30,-62,2412
2,TP-LINK_E630,c0:25:e9:7a:e6:30,-62,2412
2,TP-LINK_E630,c0:25:e9:7a:e6:30,-62,2412
2,TP-LINK_E630,c0:25:e9:7a:e6:30,-62,2412
2,TP-LINK_E630,c0:25:e9:7a:e6:30,-63,2412
2,TP-LINK_E630,c0:25:e9:7a:e6:30,-63,2412
2,TP-LINK_E630,c0:25:e9:7a:e6:30,-63,2412
2,TP-LINK_E630,c0:25:e9:7a:e6:30,-63,2412
2,TP-LINK_E630,c0:25:e9:7a:e6:30,-63,2412
2,TP-LINK_E630,c0:25:e9:7a:e6:30,-63,2412
2,TP-LINK_E630,c0:25:e9:7a:e6:30,-63,2412
2,TP-LINK_E630,c0:25:e9:7a:e6:30,-63,2412
2,TP-LINK_E630,c0:25:e9:7a:e6:30,-63,2412
2,TP-LINK_E630,c0:25:e9:7a:e6:30,-63,2412
2,TP-LINK_E630,c0:25:e9:7a:e6:30,-63,2412
2,TP-LINK_E630,c0:25:e9:7a:e6:30,-63,2412
2,TP-LINK_E630,c0:25:e9:7a:e6:30,-63,2412
2,TP-LINK_E630,c0:25:e9:7a:e6:30,-63,2412
2,TP-LINK_E630,c0:25:e9:7a:e6:30,-63,2412
2,TP-LINK_E630,c0:25:e9:7a:e6:30,-63,2412
2,TP-LINK_E630,c0:25:e9:7a:e6:30,-63,2412
2,TP-LINK_E630,c0:25:e9:7a:e6:30,-63,2412
2,TP-LINK_E630,c0:25:e9:7a:e6:30,-63,2412
2,TP-LINK_E630,c0:25:e9:7a:e6:30,-63,2412
2,TP-LINK_E630,c0:25:e9:7a:e6:30,-63,2412
2,TP-LINK_E630,c0:25:e9:7a:e6:30,-65,2412
2,TP-LINK_E630,c0:25:e9:7a:e6:30,-65,2412
2,TP-LINK_E630,c0:25:e9:7a:e6:30,-65,2412
2,TP-LINK_E630,c0:25:e9:7a:e6:30,-65,2412
2,TP-LINK_E630,c0:25:e9:7a:e6:30,-65,2412
2,TP-LINK_E630,c0:25:e9:7a:e6:30,-65,2412
2,TP-LINK_E630,c0:25:e9:7a:e6:30,-65,2412
2,TP-LINK_E630,c0:25:e9:7a:e6:30,-65,2412
2,TP-LINK_E630,c0:25:e9:7a:e6:30,-66,2412
2,TP-LINK_E630,c0:25:e9:7a:e6:30,-66,2412
2,TP-LINK_E630,c0:25:e9:7a:e6:30,-66,2412
2,TP-LINK_E630,c0:25:e9:7a:e6:30,-66,2412
2,TP-LINK_E630,c0:25:e9:7a:e6:30,-66,2412
2,TP-LINK_E630,c0:25:e9:7a:e6:30,-66,2412
2,TP-LINK_E630,c0:25:e9:7a:e6:30,-66,2412
2,TP-LINK_E630,c0:25:e9:7a:e6:30,-66,2412
2,TP-LINK_E630,c0:25:e9:7a:e6:30,-66,2412
2,TP-LINK_E630,c0:25:e9:7a:e6:30,-65,2412
2,TP-LINK_E630,c0:25:e9:7a:e6:30,-65,2412
2,TP-LINK_E630,c0:25:e9:7a:e6:30,-65,2412
2,TP-LINK_E630,c0:25:e9:7a:e6:30,-65,2412
2,TP-LINK_E630,c0:25:e9:7a:e6:30,-65,2412
2,TP-LINK_E630,c0:25:e9:7a:e6:30,-65,2412
2,TP-LINK_E630,c0:25:e9:7a:e6:30,-65,2412
2,TP-LINK_E630,c0:25:e9:7a:e6:30,-65,2412
2,TP-LINK_E630,c0:25:e9:7a:e6:30,-65,2412
2,TP-LINK_E630,c0:25:e9:7a:e6:30,-64,2412
2,TP-LINK_E630,c0:25:e9:7a:e6:30,-64,2412
2,TP-LINK_E630,c0:25:e9:7a:e6:30,-64,2412
2,TP-LINK_E630,c0:25:e9:7a:e6:30,-64,2412
2,TP-LINK_E630,c0:25:e9:7a:e6:30,-64,2412
2,TP-LINK_E630,c0:25:e9:7a:e6:30,-64,2412
2,TP-LINK_E630,c0:25:e9:7a:e6:30,-64,2412
2,TP-LINK_E630,c0:25:e9:7a:e6:30,-64,2412
2,TP-LINK_E630,c0:25:e9:7a:e6:30,-64,2412
2,TP-LINK_E630,c0:25:e9:7a:e6:30,-64,2412
2,TP-LINK_E630,c0:25:e9:7a:e6:30,-64,2412
2,TP-LINK_E630,c0:25:e9:7a:e6:30,-65,2412
2,TP-LINK_E630,c0:25:e9:7a:e6:30,-65,2412
2,TP-LINK_E630,c0:25:e9:7a:e6:30,-65,2412
2,TP-LINK_E630,c0:25:e9:7a:e6:30,-65,2412
2,TP-LINK_E630,c0:25:e9:7a:e6:30,-65,2412
2,TP-LINK_E630,c0:25:e9:7a:e6:30,-65,2412
2,TP-LINK_E630,c0:25:e9:7a:e6:30,-65,2412
2,TP-LINK_E630,c0:25:e9:7a:e6:30,-65,2412
2,TP-LINK_E630,c0:25:e9:7a:e6:30,-65,2412
2,TP-LINK_E630,c0:25:e9:7a:e6:30,-65,2412
2,TP-LINK_E630,c0:25:e9:7a:e6:30,-65,2412
2,TP-LINK_E630,c0:25:e9:7a:e6:30,-65,2412
2,TP-LINK_E630,c0:25:e9:7a:e6:30,-65,2412
2,TP-LINK_E630,c0:25:e9:7a:e6:30,-65,2412
2,TP-LINK_E630,c0:25:e9:7a:e6:30,-65,2412
2,TP-LINK_E630,c0:25:e9:7a:e6:30,-65,2412
2,TP-LINK_E630,c0:25:e9:7a:e6:30,-65,2412
2,TP-LINK_E630,c0:25:e9:7a:e6:30,-65,2412
2,TP-LINK_E630,c0:25:e9:7a:e6:30,-65,2412
2,TP-LINK_E630,c0:25:e9:7a:e6:30,-65,2412
2,TP-LINK_E630,c0:25:e9:7a:e6:30,-65,2412
2,TP-LINK_E630,c0:25:e9:7a:e6:30,-65,2412
2,TP-LINK_E630,c0:25:e9:7a:e6:30,-65,2412
2,TP-LINK_E630,c0:25:e9:7a:e6:30,-65,2412
2,TP-LINK_E630,c0:25:e9:7a:e6:30,-65,2412
2,TP-LINK_E630,c0:25:e9:7a:e6:30,-65,2412
2,TP-LINK_E630,c0:25:e9:7a:e6:30,-65,2412
2,TP-LINK_E630,c0:25:e9:7a:e6:30,-65,2412
2,TP-LINK_E630,c0:25:e9:7a:e6:30,-65,2412
2,TP-LINK_E630,c0:25:e9:7a:e6:30,-65,2412
2,TP-LINK_E630,c0:25:e9:7a:e6:30,-65,2412
2,TP-LINK_E630,c0:25:e9:7a:e6:30,-65,2412
2,TP-LINK_E630,c0:25:e9:7a:e6:30,-65,2412
2,TP-LINK_E630,c0:25:e9:7a:e6:30,-65,2412
2,TP-LINK_E630,c0:25:e9:7a:e6:30,-65,2412
2,TP-LINK_E630,c0:25:e9:7a:e6:30,-65,2412
2,TP-LINK_E630,c0:25:e9:7a:e6:30,-67,2412
2,TP-LINK_E630,c0:25:e9:7a:e6:30,-67,2412
2,TP-LINK_E630,c0:25:e9:7a:e6:30,-67,2412
2,TP-LINK_E630,c0:25:e9:7a:e6:30,-67,2412
2,TP-LINK_E630,c0:25:e9:7a:e6:30,-67,2412
2,TP-LINK_E630,c0:25:e9:7a:e6:30,-67,2412
2,TP-LINK_E630,c0:25:e9:7a:e6:30,-67,2412
2,TP-LINK_E630,c0:25:e9:7a:e6:30,-67,2412
2,TP-LINK_E630,c0:25:e9:7a:e6:30,-67,2412
2,TP-LINK_E630,c0:25:e9:7a:e6:30,-65,2412
2,TP-LINK_E630,c0:25:e9:7a:e6:30,-65,2412
2,TP-LINK_E630,c0:25:e9:7a:e6:30,-65,2412
2,TP-LINK_E630,c0:25:e9:7a:e6:30,-65,2412
2,TP-LINK_E630,c0:25:e9:7a:e6:30,-65,2412
2,TP-LINK_E630,c0:25:e9:7a:e6:30,-65,2412
2,TP-LINK_E630,c0:25:e9:7a:e6:30,-65,2412
2.5,TP-LINK_E630,c0:25:e9:7a:e6:30,-65,2412
2.5,TP-LINK_E630,c0:25:e9:7a:e6:30,-65,2412
2.5,TP-LINK_E630,c0:25:e9:7a:e6:30,-63,2412
2.5,TP-LINK_E630,c0:25:e9:7a:e6:30,-63,2412
2.5,TP-LINK_E630,c0:25:e9:7a:e6:30,-63,2412
2.5,TP-LINK_E630,c0:25:e9:7a:e6:30,-63,2412
2.5,TP-LINK_E630,c0:25:e9:7a:e6:30,-63,2412
2.5,TP-LINK_E630,c0:25:e9:7a:e6:30,-63,2412
2.5,TP-LINK_E630,c0:25:e9:7a:e6:30,-63,2412
2.5,TP-LINK_E630,c0:25:e9:7a:e6:30,-63,2412
2.5,TP-LINK_E630,c0:25:e9:7a:e6:30,-63,2412
2.5,TP-LINK_E630,c0:25:e9:7a:e6:30,-66,2412
2.5,TP-LINK_E630,c0:25:e9:7a:e6:30,-66,2412
2.5,TP-LINK_E630,c0:25:e9:7a:e6:30,-66,2412
2.5,TP-LINK_E630,c0:25:e9:7a:e6:30,-66,2412
2.5,TP-LINK_E630,c0:25:e9:7a:e6:30,-66,2412
2.5,TP-LINK_E630,c0:25:e9:7a:e6:30,-66,2412
2.5,TP-LINK_E630,c0:25:e9:7a:e6:30,-66,2412
2.5,TP-LINK_E630,c0:25:e9:7a:e6:30,-66,2412
2.5,TP-LINK_E630,c0:25:e9:7a:e6:30,-66,2412
2.5,TP-LINK_E630,c0:25:e9:7a:e6:30,-66,2412
2.5,TP-LINK_E630,c0:25:e9:7a:e6:30,-66,2412
2.5,TP-LINK_E630,c0:25:e9:7a:e6:30,-66,2412
2.5,TP-LINK_E630,c0:25:e9:7a:e6:30,-66,2412
2.5,TP-LINK_E630,c0:25:e9:7a:e6:30,-66,2412
2.5,TP-LINK_E630,c0:25:e9:7a:e6:30,-66,2412
2.5,TP-LINK_E630,c0:25:e9:7a:e6:30,-66,2412
2.5,TP-LINK_E630,c0:25:e9:7a:e6:30,-66,2412
2.5,TP-LINK_E630,c0:25:e9:7a:e6:30,-65,2412
2.5,TP-LINK_E630,c0:25:e9:7a:e6:30,-65,2412
2.5,TP-LINK_E630,c0:25:e9:7a:e6:30,-65,2412
2.5,TP-LINK_E630,c0:25:e9:7a:e6:30,-65,2412
2.5,TP-LINK_E630,c0:25:e9:7a:e6:30,-65,2412
2.5,TP-LINK_E630,c0:25:e9:7a:e6:30,-65,2412
2.5,TP-LINK_E630,c0:25:e9:7a:e6:30,-65,2412
2.5,TP-LINK_E630,c0:25:e9:7a:e6:30,-65,2412
2.5,TP-LINK_E630,c0:25:e9:7a:e6:30,-65,2412
2.5,TP-LINK_E630,c0:25:e9:7a:e6:30,-65,2412
2.5,TP-LINK_E630,c0:25:e9:7a:e6:30,-65,2412
2.5,TP-LINK_E630,c0:25:e9:7a:e6:30,-65,2412
2.5,TP-LINK_E630,c0:25:e9:7a:e6:30,-65,2412
2.5,TP-LINK_E630,c0:25:e9:7a:e6:30,-65,2412
2.5,TP-LINK_E630,c0:25:e9:7a:e6:30,-65,2412
2.5,TP-LINK_E630,c0:25:e9:7a:e6:30,-65,2412
2.5,TP-LINK_E630,c0:25:e9:7a:e6:30,-65,2412
2.5,TP-LINK_E630,c0:25:e9:7a:e6:30,-65,2412
2.5,TP-LINK_E630,c0:25:e9:7a:e6:30,-65,2412
2.5,TP-LINK_E630,c0:25:e9:7a:e6:30,-65,2412
2.5,TP-LINK_E630,c0:25:e9:7a:e6:30,-65,2412
2.5,TP-LINK_E630,c0:25:e9:7a:e6:30,-65,2412
2.5,TP-LINK_E630,c0:25:e9:7a:e6:30,-65,2412
2.5,TP-LINK_E630,c0:25:e9:7a:e6:30,-65,2412
2.5,TP-LINK_E630,c0:25:e9:7a:e6:30,-65,2412
2.5,TP-LINK_E630,c0:25:e9:7a:e6:30,-65,2412
2.5,TP-LINK_E630,c0:25:e9:7a:e6:30,-65,2412
2.5,TP-LINK_E630,c0:25:e9:7a:e6:30,-65,2412
2.5,TP-LINK_E630,c0:25:e9:7a:e6:30,-65,2412
2.5,TP-LINK_E630,c0:25:e9:7a:e6:30,-65,2412
2.5,TP-LINK_E630,c0:25:e9:7a:e6:30,-65,2412
2.5,TP-LINK_E630,c0:25:e9:7a:e6:30,-65,2412
2.5,TP-LINK_E630,c0:25:e9:7a:e6:30,-65,2412
2.5,TP-LINK_E630,c0:25:e9:7a:e6:30,-65,2412
2.5,TP-LINK_E630,c0:25:e9:7a:e6:30,-65,2412
2.5,TP-LINK_E630,c0:25:e9:7a:e6:30,-65,2412
2.5,TP-LINK_E630,c0:25:e9:7a:e6:30,-65,2412
2.5,TP-LINK_E630,c0:25:e9:7a:e6:30,-65,2412
2.5,TP-LINK_E630,c0:25:e9:7a:e6:30,-65,2412
2.5,TP-LINK_E630,c0:25:e9:7a:e6:30,-65,2412
2.5,TP-LINK_E630,c0:25:e9:7a:e6:30,-65,2412
2.5,TP-LINK_E630,c0:25:e9:7a:e6:30,-65,2412
2.5,TP-LINK_E630,c0:25:e9:7a:e6:30,-65,2412
2.5,TP-LINK_E630,c0:25:e9:7a:e6:30,-65,2412
2.5,TP-LINK_E630,c0:25:e9:7a:e6:30,-65,2412
2.5,TP-LINK_E630,c0:25:e9:7a:e6:30,-65,2412
2.5,TP-LINK_E630,c0:25:e9:7a:e6:30,-64,2412
2.5,TP-LINK_E630,c0:25:e9:7a:e6:30,-64,2412
2.5,TP-LINK_E630,c0:25:e9:7a:e6:30,-64,2412
2.5,TP-LINK_E630,c0:25:e9:7a:e6:30,-64,2412
2.5,TP-LINK_E630,c0:25:e9:7a:e6:30,-64,2412
2.5,TP-LINK_E630,c0:25:e9:7a:e6:30,-64,2412
2.5,TP-LINK_E630,c0:25:e9:7a:e6:30,-64,2412
2.5,TP-LINK_E630,c0:25:e9:7a:e6:30,-64,2412
2.5,TP-LINK_E630,c0:25:e9:7a:e6:30,-64,2412
2.5,TP-LINK_E630,c0:25:e9:7a:e6:30,-66,2412
2.5,TP-LINK_E630,c0:25:e9:7a:e6:30,-66,2412
2.5,TP-LINK_E630,c0:25:e9:7a:e6:30,-66,2412
2.5,TP-LINK_E630,c0:25:e9:7a:e6:30,-66,2412
2.5,TP-LINK_E630,c0:25:e9:7a:e6:30,-66,2412
2.5,TP-LINK_E630,c0:25:e9:7a:e6:30,-66,2412
2.5,TP-LINK_E630,c0:25:e9:7a:e6:30,-66,2412
2.5,TP-LINK_E630,c0:25:e9:7a:e6:30,-66,2412
2.5,TP-LINK_E630,c0:25:e9:7a:e6:30,-66,2412
2.5,TP-LINK_E630,c0:25:e9:7a:e6:30,-66,2412
2.5,TP-LINK_E630,c0:25:e9:7a:e6:30,-66,2412
2.5,TP-LINK_E630,c0:25:e9:7a:e6:30,-66,2412
2.5,TP-LINK_E630,c0:25:e9:7a:e6:30,-66,2412
2.5,TP-LINK_E630,c0:25:e9:7a:e6:30,-66,2412
2.5,TP-LINK_E630,c0:25:e9:7a:e6:30,-66,2412
2.5,TP-LINK_E630,c0:25:e9:7a:e6:30,-66,2412
2.5,TP-LINK_E630,c0:25:e9:7a:e6:30,-66,2412
2.5,TP-LINK_E630,c0:25:e9:7a:e6:30,-68,2412
2.5,TP-LINK_E630,c0:25:e9:7a:e6:30,-68,2412
2.5,TP-LINK_E630,c0:25:e9:7a:e6:30,-64,2412
2.5,TP-LINK_E630,c0:25:e9:7a:e6:30,-64,2412
2.5,TP-LINK_E630,c0:25:e9:7a:e6:30,-64,2412
2.5,TP-LINK_E630,c0:25:e9:7a:e6:30,-64,2412
2.5,TP-LINK_E630,c0:25:e9:7a:e6:30,-64,2412
2.5,TP-LINK_E630,c0:25:e9:7a:e6:30,-64,2412
2.5,TP-LINK_E630,c0:25:e9:7a:e6:30,-64,2412
2.5,TP-LINK_E630,c0:25:e9:7a:e6:30,-64,2412
2.5,TP-LINK_E630,c0:25:e9:7a:e6:30,-64,2412
2.5,TP-LINK_E630,c0:25:e9:7a:e6:30,-64,2412
2.5,TP-LINK_E630,c0:25:e9:7a:e6:30,-64,2412
2.5,TP-LINK_E630,c0:25:e9:7a:e6:30,-64,2412
2.5,TP-LINK_E630,c0:25:e9:7a:e6:30,-64,2412
2.5,TP-LINK_E630,c0:25:e9:7a:e6:30,-64,2412
2.5,TP-LINK_E630,c0:25:e9:7a:e6:30,-64,2412
2.5,TP-LINK_E630,c0:25:e9:7a:e6:30,-67,2412
2.5,TP-LINK_E630,c0:25:e9:7a:e6:30,-67,2412
2.5,TP-LINK_E630,c0:25:e9:7a:e6:30,-67,2412
2.5,TP-LINK_E630,c0:25:e9:7a:e6:30,-67,2412
2.5,TP-LINK_E630,c0:25:e9:7a:e6:30,-67,2412
2.5,TP-LINK_E630,c0:25:e9:7a:e6:30,-67,2412
2.5,TP-LINK_E630,c0:25:e9:7a:e6:30,-67,2412
2.5,TP-LINK_E630,c0:25:e9:7a:e6:30,-67,2412
2.5,TP-LINK_E630,c0:25:e9:7a:e6:30,-67,2412
2.5,TP-LINK_E630,c0:25:e9:7a:e6:30,-67,2412
2.5,TP-LINK_E630,c0:25:e9:7a:e6:30,-67,2412
2.5,TP-LINK_E630,c0:25:e9:7a:e6:30,-67,2412
2.5,TP-LINK_E630,c0:25:e9:7a:e6:30,-67,2412
2.5,TP-LINK_E630,c0:25:e9:7a:e6:30,-67,2412
2.5,TP-LINK_E630,c0:25:e9:7a:e6:30,-67,2412
2.5,TP-LINK_E630,c0:25:e9:7a:e6:30,-67,2412
2.5,TP-LINK_E630,c0:25:e9:7a:e6:30,-67,2412
2.5,TP-LINK_E630,c0:25:e9:7a:e6:30,-68,2412
2.5,TP-LINK_E630,c0:25:e9:7a:e6:30,-68,2412
2.5,TP-LINK_E630,c0:25:e9:7a:e6:30,-68,2412
2.5,TP-LINK_E630,c0:25:e9:7a:e6:30,-68,2412
2.5,TP-LINK_E630,c0:25:e9:7a:e6:30,-68,2412
2.5,TP-LINK_E630,c0:25:e9:7a:e6:30,-68,2412
2.5,TP-LINK_E630,c0:25:e9:7a:e6:30,-68,2412
2.5,TP-LINK_E630,c0:25:e9:7a:e6:30,-68,2412
2.5,TP-LINK_E630,c0:25:e9:7a:e6:30,-68,2412
2.5,TP-LINK_E630,c0:25:e9:7a:e6:30,-70,2412
2.5,TP-LINK_E630,c0:25:e9:7a:e6:30,-70,2412
2.5,TP-LINK_E630,c0:25:e9:7a:e6:30,-70,2412
2.5,TP-LINK_E630,c0:25:e9:7a:e6:30,-70,2412
2.5,TP-LINK_E630,c0:25:e9:7a:e6:30,-70,2412
2.5,TP-LINK_E630,c0:25:e9:7a:e6:30,-70,2412
2.5,TP-LINK_E630,c0:25:e9:7a:e6:30,-70,2412
2.5,TP-LINK_E630,c0:25:e9:7a:e6:30,-70,2412
2.5,TP-LINK_E630,c0:25:e9:7a:e6:30,-70,2412
2.5,TP-LINK_E630,c0:25:e9:7a:e6:30,-73,2412
2.5,TP-LINK_E630,c0:25:e9:7a:e6:30,-73,2412
2.5,TP-LINK_E630,c0:25:e9:7a:e6:30,-73,2412
2.5,TP-LINK_E630,c0:25:e9:7a:e6:30,-73,2412
2.5,TP-LINK_E630,c0:25:e9:7a:e6:30,-73,2412
2.5,TP-LINK_E630,c0:25:e9:7a:e6:30,-73,2412
2.5,TP-LINK_E630,c0:25:e9:7a:e6:30,-73,2412
2.5,TP-LINK_E630,c0:25:e9:7a:e6:30,-73,2412
2.5,TP-LINK_E630,c0:25:e9:7a:e6:30,-73,2412
2.5,TP-LINK_E630,c0:25:e9:7a:e6:30,-73,2412
2.5,TP-LINK_E630,c0:25:e9:7a:e6:30,-73,2412
2.5,TP-LINK_E630,c0:25:e9:7a:e6:30,-73,2412
2.5,TP-LINK_E630,c0:25:e9:7a:e6:30,-73,2412
2.5,TP-LINK_E630,c0:25:e9:7a:e6:30,-73,2412
2.5,TP-LINK_E630,c0:25:e9:7a:e6:30,-73,2412
2.5,TP-LINK_E630,c0:25:e9:7a:e6:30,-73,2412
2.5,TP-LINK_E630,c0:25:e9:7a:e6:30,-73,2412
2.5,TP-LINK_E630,c0:25:e9:7a:e6:30,-73,2412
2.5,TP-LINK_E630,c0:25:e9:7a:e6:30,-71,2412
2.5,TP-LINK_E630,c0:25:e9:7a:e6:30,-71,2412
2.5,TP-LINK_E630,c0:25:e9:7a:e6:30,-71,2412
2.5,TP-LINK_E630,c0:25:e9:7a:e6:30,-71,2412
2.5,TP-LINK_E630,c0:25:e9:7a:e6:30,-71,2412
2.5,TP-LINK_E630,c0:25:e9:7a:e6:30,-71,2412
2.5,TP-LINK_E630,c0:25:e9:7a:e6:30,-71,2412
2.5,TP-LINK_E630,c0:25:e9:7a:e6:30,-71,2412
2.5,TP-LINK_E630,c0:25:e9:7a:e6:30,-71,2412
2.5,TP-LINK_E630,c0:25:e9:7a:e6:30,-71,2412
2.5,TP-LINK_E630,c0:25:e9:7a:e6:30,-71,2412
2.5,TP-LINK_E630,c0:25:e9:7a:e6:30,-71,2412
2.5,TP-LINK_E630,c0:25:e9:7a:e6:30,-67,2412
2.5,TP-LINK_E630,c0:25:e9:7a:e6:30,-67,2412
2.5,TP-LINK_E630,c0:25:e9:7a:e6:30,-67,2412
2.5,TP-LINK_E630,c0:25:e9:7a:e6:30,-67,2412
2.5,TP-LINK_E630,c0:25:e9:7a:e6:30,-67,2412
2.5,TP-LINK_E630,c0:25:e9:7a:e6:30,-67,2412
2.5,TP-LINK_E630,c0:25:e9:7a:e6:30,-67,2412
2.5,TP-LINK_E630,c0:25:e9:7a:e6:30,-67,2412
2.5,TP-LINK_E630,c0:25:e9:7a:e6:30,-67,2412
2.5,TP-LINK_E630,c0:25:e9:7a:e6:30,-67,2412
2.5,TP-LINK_E630,c0:25:e9:7a:e6:30,-67,2412
2.5,TP-LINK_E630,c0:25:e9:7a:e6:30,-67,2412
2.5,TP-LINK_E630,c0:25:e9:7a:e6:30,-67,2412
2.5,TP-LINK_E630,c0:25:e9:7a:e6:30,-67,2412
2.5,TP-LINK_E630,c0:25:e9:7a:e6:30,-67,2412
2.5,TP-LINK_E630,c0:25:e9:7a:e6:30,-67,2412
2.5,TP-LINK_E630,c0:25:e9:7a:e6:30,-67,2412
2.5,TP-LINK_E630,c0:25:e9:7a:e6:30,-67,2412
3,TP-LINK_E630,c0:25:e9:7a:e6:30,-74,2412
3,TP-LINK_E630,c0:25:e9:7a:e6:30,-74,2412
3,TP-LINK_E630,c0:25:e9:7a:e6:30,-74,2412
3,TP-LINK_E630,c0:25:e9:7a:e6:30,-74,2412
3,TP-LINK_E630,c0:25:e9:7a:e6:30,-74,2412
3,TP-LINK_E630,c0:25:e9:7a:e6:30,-74,2412
3,TP-LINK_E630,c0:25:e9:7a:e6:30,-74,2412
3,TP-LINK_E630,c0:25:e9:7a:e6:30,-74,2412
3,TP-LINK_E630,c0:25:e9:7a:e6:30,-74,2412
3,TP-LINK_E630,c0:25:e9:7a:e6:30,-74,2412
3,TP-LINK_E630,c0:25:e9:7a:e6:30,-74,2412
3,TP-LINK_E630,c0:25:e9:7a:e6:30,-70,2412
3,TP-LINK_E630,c0:25:e9:7a:e6:30,-70,2412
3,TP-LINK_E630,c0:25:e9:7a:e6:30,-70,2412
3,TP-LINK_E630,c0:25:e9:7a:e6:30,-70,2412
3,TP-LINK_E630,c0:25:e9:7a:e6:30,-70,2412
3,TP-LINK_E630,c0:25:e9:7a:e6:30,-70,2412
3,TP-LINK_E630,c0:25:e9:7a:e6:30,-70,2412
3,TP-LINK_E630,c0:25:e9:7a:e6:30,-70,2412
3,TP-LINK_E630,c0:25:e9:7a:e6:30,-70,2412
3,TP-LINK_E630,c0:25:e9:7a:e6:30,-70,2412
3,TP-LINK_E630,c0:25:e9:7a:e6:30,-70,2412
3,TP-LINK_E630,c0:25:e9:7a:e6:30,-70,2412
3,TP-LINK_E630,c0:25:e9:7a:e6:30,-70,2412
3,TP-LINK_E630,c0:25:e9:7a:e6:30,-70,2412
3,TP-LINK_E630,c0:25:e9:7a:e6:30,-70,2412
3,TP-LINK_E630,c0:25:e9:7a:e6:30,-70,2412
3,TP-LINK_E630,c0:25:e9:7a:e6:30,-70,2412
3,TP-LINK_E630,c0:25:e9:7a:e6:30,-70,2412
3,TP-LINK_E630,c0:25:e9:7a:e6:30,-70,2412
3,TP-LINK_E630,c0:25:e9:7a:e6:30,-70,2412
3,TP-LINK_E630,c0:25:e9:7a:e6:30,-70,2412
3,TP-LINK_E630,c0:25:e9:7a:e6:30,-70,2412
3,TP-LINK_E630,c0:25:e9:7a:e6:30,-70,2412
3,TP-LINK_E630,c0:25:e9:7a:e6:30,-70,2412
3,TP-LINK_E630,c0:25:e9:7a:e6:30,-70,2412
3,TP-LINK_E630,c0:25:e9:7a:e6:30,-70,2412
3,TP-LINK_E630,c0:25:e9:7a:e6:30,-70,2412
3,TP-LINK_E630,c0:25:e9:7a:e6:30,-70,2412
3,TP-LINK_E630,c0:25:e9:7a:e6:30,-70,2412
3,TP-LINK_E630,c0:25:e9:7a:e6:30,-70,2412
3,TP-LINK_E630,c0:25:e9:7a:e6:30,-70,2412
3,TP-LINK_E630,c0:25:e9:7a:e6:30,-70,2412
3,TP-LINK_E630,c0:25:e9:7a:e6:30,-70,2412
3,TP-LINK_E630,c0:25:e9:7a:e6:30,-70,2412
3,TP-LINK_E630,c0:25:e9:7a:e6:30,-70,2412
3,TP-LINK_E630,c0:25:e9:7a:e6:30,-70,2412
3,TP-LINK_E630,c0:25:e9:7a:e6:30,-70,2412
3,TP-LINK_E630,c0:25:e9:7a:e6:30,-70,2412
3,TP-LINK_E630,c0:25:e9:7a:e6:30,-70,2412
3,TP-LINK_E630,c0:25:e9:7a:e6:30,-70,2412
3,TP-LINK_E630,c0:25:e9:7a:e6:30,-70,2412
3,TP-LINK_E630,c0:25:e9:7a:e6:30,-70,2412
3,TP-LINK_E630,c0:25:e9:7a:e6:30,-70,2412
3,TP-LINK_E630,c0:25:e9:7a:e6:30,-70,2412
3,TP-LINK_E630,c0:25:e9:7a:e6:30,-70,2412
3,TP-LINK_E630,c0:25:e9:7a:e6:30,-70,2412
3,TP-LINK_E630,c0:25:e9:7a:e6:30,-70,2412
3,TP-LINK_E630,c0:25:e9:7a:e6:30,-70,2412
3,TP-LINK_E630,c0:25:e9:7a:e6:30,-70,2412
3,TP-LINK_E630,c0:25:e9:7a:e6:30,-70,2412
3,TP-LINK_E630,c0:25:e9:7a:e6:30,-70,2412
3,TP-LINK_E630,c0:25:e9:7a:e6:30,-70,2412
3,TP-LINK_E630,c0:25:e9:7a:e6:30,-70,2412
3,TP-LINK_E630,c0:25:e9:7a:e6:30,-70,2412
3,TP-LINK_E630,c0:25:e9:7a:e6:30,-70,2412
3,TP-LINK_E630,c0:25:e9:7a:e6:30,-70,2412
3,TP-LINK_E630,c0:25:e9:7a:e6:30,-70,2412
3,TP-LINK_E630,c0:25:e9:7a:e6:30,-70,2412
3,TP-LINK_E630,c0:25:e9:7a:e6:30,-70,2412
3,TP-LINK_E630,c0:25:e9:7a:e6:30,-70,2412
3,TP-LINK_E630,c0:25:e9:7a:e6:30,-70,2412
3,TP-LINK_E630,c0:25:e9:7a:e6:30,-70,2412
3,TP-LINK_E630,c0:25:e9:7a:e6:30,-70,2412
3,TP-LINK_E630,c0:25:e9:7a:e6:30,-70,2412
3,TP-LINK_E630,c0:25:e9:7a:e6:30,-70,2412
3,TP-LINK_E630,c0:25:e9:7a:e6:30,-70,2412
3,TP-LINK_E630,c0:25:e9:7a:e6:30,-70,2412
3,TP-LINK_E630,c0:25:e9:7a:e6:30,-70,2412
3,TP-LINK_E630,c0:25:e9:7a:e6:30,-70,2412
3,TP-LINK_E630,c0:25:e9:7a:e6:30,-70,2412
3,TP-LINK_E630,c0:25:e9:7a:e6:30,-70,2412
3,TP-LINK_E630,c0:25:e9:7a:e6:30,-70,2412
3,TP-LINK_E630,c0:25:e9:7a:e6:30,-70,2412
3,TP-LINK_E630,c0:25:e9:7a:e6:30,-70,2412
3,TP-LINK_E630,c0:25:e9:7a:e6:30,-70,2412
3,TP-LINK_E630,c0:25:e9:7a:e6:30,-70,2412
3,TP-LINK_E630,c0:25:e9:7a:e6:30,-70,2412
3,TP-LINK_E630,c0:25:e9:7a:e6:30,-70,2412
3,TP-LINK_E630,c0:25:e9:7a:e6:30,-70,2412
3,TP-LINK_E630,c0:25:e9:7a:e6:30,-70,2412
3,TP-LINK_E630,c0:25:e9:7a:e6:30,-70,2412
3,TP-LINK_E630,c0:25:e9:7a:e6:30,-70,2412
3,TP-LINK_E630,c0:25:e9:7a:e6:30,-70,2412
3,TP-LINK_E630,c0:25:e9:7a:e6:30,-70,2412
3,TP-LINK_E630,c0:25:e9:7a:e6:30,-70,2412
3,TP-LINK_E630,c0:25:e9:7a:e6:30,-70,2412
3,TP-LINK_E630,c0:25:e9:7a:e6:30,-70,2412
3,TP-LINK_E630,c0:25:e9:7a:e6:30,-70,2412
3,TP-LINK_E630,c0:25:e9:7a:e6:30,-70,2412
3,TP-LINK_E630,c0:25:e9:7a:e6:30,-70,2412
3,TP-LINK_E630,c0:25:e9:7a:e6:30,-70,2412
3,TP-LINK_E630,c0:25:e9:7a:e6:30,-70,2412
3,TP-LINK_E630,c0:25:e9:7a:e6:30,-70,2412
3,TP-LINK_E630,c0:25:e9:7a:e6:30,-70,2412
3,TP-LINK_E630,c0:25:e9:7a:e6:30,-70,2412
3,TP-LINK_E630,c0:25:e9:7a:e6:30,-70,2412
3,TP-LINK_E630,c0:25:e9:7a:e6:30,-70,2412
3,TP-LINK_E630,c0:25:e9:7a:e6:30,-70,2412
3,TP-LINK_E630,c0:25:e9:7a:e6:30,-70,2412
3,TP-LINK_E630,c0:25:e9:7a:e6:30,-70,2412
3,TP-LINK_E630,c0:25:e9:7a:e6:30,-70,2412
3,TP-LINK_E630,c0:25:e9:7a:e6:30,-69,2412
3,TP-LINK_E630,c0:25:e9:7a:e6:30,-69,2412
3,TP-LINK_E630,c0:25:e9:7a:e6:30,-69,2412
3,TP-LINK_E630,c0:25:e9:7a:e6:30,-69,2412
3,TP-LINK_E630,c0:25:e9:7a:e6:30,-69,2412
3,TP-LINK_E630,c0:25:e9:7a:e6:30,-69,2412
3,TP-LINK_E630,c0:25:e9:7a:e6:30,-69,2412
3,TP-LINK_E630,c0:25:e9:7a:e6:30,-69,2412
3,TP-LINK_E630,c0:25:e9:7a:e6:30,-69,2412
3,TP-LINK_E630,c0:25:e9:7a:e6:30,-69,2412
3,TP-LINK_E630,c0:25:e9:7a:e6:30,-69,2412
3,TP-LINK_E630,c0:25:e9:7a:e6:30,-69,2412
3,TP-LINK_E630,c0:25:e9:7a:e6:30,-69,2412
3,TP-LINK_E630,c0:25:e9:7a:e6:30,-69,2412
3,TP-LINK_E630,c0:25:e9:7a:e6:30,-69,2412
3,TP-LINK_E630,c0:25:e9:7a:e6:30,-69,2412
3,TP-LINK_E630,c0:25:e9:7a:e6:30,-69,2412
3,TP-LINK_E630,c0:25:e9:7a:e6:30,-69,2412
3,TP-LINK_E630,c0:25:e9:7a:e6:30,-69,2412
3,TP-LINK_E630,c0:25:e9:7a:e6:30,-69,2412
3,TP-LINK_E630,c0:25:e9:7a:e6:30,-69,2412
3,TP-LINK_E630,c0:25:e9:7a:e6:30,-69,2412
3,TP-LINK_E630,c0:25:e9:7a:e6:30,-69,2412
3,TP-LINK_E630,c0:25:e9:7a:e6:30,-69,2412
3,TP-LINK_E630,c0:25:e9:7a:e6:30,-69,2412
3,TP-LINK_E630,c0:25:e9:7a:e6:30,-69,2412
3,TP-LINK_E630,c0:25:e9:7a:e6:30,-69,2412
3,TP-LINK_E630,c0:25:e9:7a:e6:30,-69,2412
3,TP-LINK_E630,c0:25:e9:7a:e6:30,-69,2412
3,TP-LINK_E630,c0:25:e9:7a:e6:30,-69,2412
3,TP-LINK_E630,c0:25:e9:7a:e6:30,-69,2412
3,TP-LINK_E630,c0:25:e9:7a:e6:30,-69,2412
3,TP-LINK_E630,c0:25:e9:7a:e6:30,-74,2412
3,TP-LINK_E630,c0:25:e9:7a:e6:30,-74,2412
3,TP-LINK_E630,c0:25:e9:7a:e6:30,-74,2412
3,TP-LINK_E630,c0:25:e9:7a:e6:30,-74,2412
3,TP-LINK_E630,c0:25:e9:7a:e6:30,-74,2412
3,TP-LINK_E630,c0:25:e9:7a:e6:30,-74,2412
3,TP-LINK_E630,c0:25:e9:7a:e6:30,-74,2412
3,TP-LINK_E630,c0:25:e9:7a:e6:30,-74,2412
3,TP-LINK_E630,c0:25:e9:7a:e6:30,-74,2412
3,TP-LINK_E630,c0:25:e9:7a:e6:30,-70,2412
3,TP-LINK_E630,c0:25:e9:7a:e6:30,-70,2412
3,TP-LINK_E630,c0:25:e9:7a:e6:30,-70,2412
3,TP-LINK_E630,c0:25:e9:7a:e6:30,-70,2412
3,TP-LINK_E630,c0:25:e9:7a:e6:30,-70,2412
3,TP-LINK_E630,c0:25:e9:7a:e6:30,-70,2412
3,TP-LINK_E630,c0:25:e9:7a:e6:30,-70,2412
3,TP-LINK_E630,c0:25:e9:7a:e6:30,-70,2412
3,TP-LINK_E630,c0:25:e9:7a:e6:30,-70,2412
3,TP-LINK_E630,c0:25:e9:7a:e6:30,-70,2412
3,TP-LINK_E630,c0:25:e9:7a:e6:30,-70,2412
3,TP-LINK_E630,c0:25:e9:7a:e6:30,-70,2412
3,TP-LINK_E630,c0:25:e9:7a:e6:30,-74,2412
3,TP-LINK_E630,c0:25:e9:7a:e6:30,-74,2412
3,TP-LINK_E630,c0:25:e9:7a:e6:30,-74,2412
3,TP-LINK_E630,c0:25:e9:7a:e6:30,-74,2412
3,TP-LINK_E630,c0:25:e9:7a:e6:30,-74,2412
3,TP-LINK_E630,c0:25:e9:7a:e6:30,-74,2412
3,TP-LINK_E630,c0:25:e9:7a:e6:30,-74,2412
3,TP-LINK_E630,c0:25:e9:7a:e6:30,-74,2412
3,TP-LINK_E630,c0:25:e9:7a:e6:30,-74,2412
3,TP-LINK_E630,c0:25:e9:7a:e6:30,-74,2412
3,TP-LINK_E630,c0:25:e9:7a:e6:30,-74,2412
3,TP-LINK_E630,c0:25:e9:7a:e6:30,-74,2412
3,TP-LINK_E630,c0:25:e9:7a:e6:30,-74,2412
3,TP-LINK_E630,c0:25:e9:7a:e6:30,-74,2412
3,TP-LINK_E630,c0:25:e9:7a:e6:30,-74,2412
3,TP-LINK_E630,c0:25:e9:7a:e6:30,-74,2412
3,TP-LINK_E630,c0:25:e9:7a:e6:30,-74,2412
3,TP-LINK_E630,c0:25:e9:7a:e6:30,-74,2412
3,TP-LINK_E630,c0:25:e9:7a:e6:30,-74,2412
3,TP-LINK_E630,c0:25:e9:7a:e6:30,-74,2412
3,TP-LINK_E630,c0:25:e9:7a:e6:30,-74,2412
3,TP-LINK_E630,c0:25:e9:7a:e6:30,-74,2412
3,TP-LINK_E630,c0:25:e9:7a:e6:30,-74,2412
3,TP-LINK_E630,c0:25:e9:7a:e6:30,-74,2412
3,TP-LINK_E630,c0:25:e9:7a:e6:30,-74,2412
3,TP-LINK_E630,c0:25:e9:7a:e6:30,-74,2412
3,TP-LINK_E630,c0:25:e9:7a:e6:30,-74,2412
3,TP-LINK_E630,c0:25:e9:7a:e6:30,-74,2412
3,TP-LINK_E630,c0:25:e9:7a:e6:30,-74,2412
3,TP-LINK_E630,c0:25:e9:7a:e6:30,-74,2412
3,TP-LINK_E630,c0:25:e9:7a:e6:30,-74,2412
3,TP-LINK_E630,c0:25:e9:7a:e6:30,-74,2412
3,TP-LINK_E630,c0:25:e9:7a:e6:30,-74,2412
3,TP-LINK_E630,c0:25:e9:7a:e6:30,-74,2412
3,TP-LINK_E630,c0:25:e9:7a:e6:30,-74,2412
