Dlink,Elfais,18:0f:76:91:f2:72,-47,2452
Dlink,Elfais,18:0f:76:91:f2:72,-47,2452
Dlink,Elfais,18:0f:76:91:f2:72,-47,2452
Dlink,Elfais,18:0f:76:91:f2:72,-47,2452
Dlink,Elfais,18:0f:76:91:f2:72,-47,2452
Dlink,Elfais,18:0f:76:91:f2:72,-47,2452
Dlink,Elfais,18:0f:76:91:f2:72,-39,2452
Dlink,Elfais,18:0f:76:91:f2:72,-39,2452
Dlink,Elfais,18:0f:76:91:f2:72,-39,2452
Dlink,Elfais,18:0f:76:91:f2:72,-39,2452
Dlink,Elfais,18:0f:76:91:f2:72,-39,2452
Dlink,Elfais,18:0f:76:91:f2:72,-39,2452
Dlink,Elfais,18:0f:76:91:f2:72,-39,2452
Dlink,Elfais,18:0f:76:91:f2:72,-39,2452
Dlink,Elfais,18:0f:76:91:f2:72,-39,2452
Dlink,Elfais,18:0f:76:91:f2:72,-39,2452
Dlink,Elfais,18:0f:76:91:f2:72,-39,2452
Dlink,Elfais,18:0f:76:91:f2:72,-39,2452
Dlink,Elfais,18:0f:76:91:f2:72,-39,2452
Dlink,Elfais,18:0f:76:91:f2:72,-39,2452
Dlink,Elfais,18:0f:76:91:f2:72,-39,2452
Dlink,Elfais,18:0f:76:91:f2:72,-39,2452
Dlink,Elfais,18:0f:76:91:f2:72,-39,2452
Dlink,Elfais,18:0f:76:91:f2:72,-39,2452
Dlink,Elfais,18:0f:76:91:f2:72,-39,2452
Dlink,Elfais,18:0f:76:91:f2:72,-39,2452
Dlink,Elfais,18:0f:76:91:f2:72,-39,2452
Dlink,Elfais,18:0f:76:91:f2:72,-39,2452
Dlink,Elfais,18:0f:76:91:f2:72,-39,2452
Dlink,Elfais,18:0f:76:91:f2:72,-39,2452
Dlink,Elfais,18:0f:76:91:f2:72,-39,2452
Dlink,Elfais,18:0f:76:91:f2:72,-41,2452
Dlink,Elfais,18:0f:76:91:f2:72,-41,2452
Dlink,Elfais,18:0f:76:91:f2:72,-41,2452
Dlink,Elfais,18:0f:76:91:f2:72,-41,2452
Dlink,Elfais,18:0f:76:91:f2:72,-41,2452
Dlink,Elfais,18:0f:76:91:f2:72,-41,2452
Dlink,Elfais,18:0f:76:91:f2:72,-41,2452
Dlink,Elfais,18:0f:76:91:f2:72,-41,2452
Dlink,Elfais,18:0f:76:91:f2:72,-41,2452
Dlink,Elfais,18:0f:76:91:f2:72,-41,2452
Dlink,Elfais,18:0f:76:91:f2:72,-41,2452
Dlink,Elfais,18:0f:76:91:f2:72,-41,2452
Dlink,Elfais,18:0f:76:91:f2:72,-41,2452
Dlink,Elfais,18:0f:76:91:f2:72,-41,2452
Dlink,Elfais,18:0f:76:91:f2:72,-41,2452
Dlink,Elfais,18:0f:76:91:f2:72,-41,2452
Dlink,Elfais,18:0f:76:91:f2:72,-41,2452
Dlink,Elfais,18:0f:76:91:f2:72,-41,2452
Dlink,Elfais,18:0f:76:91:f2:72,-41,2452
Dlink,Elfais,18:0f:76:91:f2:72,-41,2452
Dlink,Elfais,18:0f:76:91:f2:72,-41,2452
Dlink,Elfais,18:0f:76:91:f2:72,-41,2452
Dlink,Elfais,18:0f:76:91:f2:72,-41,2452
Dlink,Elfais,18:0f:76:91:f2:72,-41,2452
Dlink,Elfais,18:0f:76:91:f2:72,-41,2452
Dlink,Elfais,18:0f:76:91:f2:72,-41,2452
Dlink,Elfais,18:0f:76:91:f2:72,-41,2452
Dlink,Elfais,18:0f:76:91:f2:72,-41,2452
Dlink,Elfais,18:0f:76:91:f2:72,-41,2452
Dlink,Elfais,18:0f:76:91:f2:72,-41,2452
Dlink,Elfais,18:0f:76:91:f2:72,-41,2452
Dlink,Elfais,18:0f:76:91:f2:72,-41,2452
Dlink,Elfais,18:0f:76:91:f2:72,-41,2452
Dlink,Elfais,18:0f:76:91:f2:72,-41,2452
Dlink,Elfais,18:0f:76:91:f2:72,-41,2452
Dlink,Elfais,18:0f:76:91:f2:72,-41,2452
Dlink,Elfais,18:0f:76:91:f2:72,-41,2452
Dlink,Elfais,18:0f:76:91:f2:72,-41,2452
Dlink,Elfais,18:0f:76:91:f2:72,-41,2452
Dlink,Elfais,18:0f:76:91:f2:72,-41,2452
Dlink,Elfais,18:0f:76:91:f2:72,-41,2452
Dlink,Elfais,18:0f:76:91:f2:72,-41,2452
Dlink,Elfais,18:0f:76:91:f2:72,-41,2452
Dlink,Elfais,18:0f:76:91:f2:72,-41,2452
Dlink,Elfais,18:0f:76:91:f2:72,-41,2452
Dlink,Elfais,18:0f:76:91:f2:72,-41,2452
Dlink,Elfais,18:0f:76:91:f2:72,-41,2452
Dlink,Elfais,18:0f:76:91:f2:72,-41,2452
Dlink,Elfais,18:0f:76:91:f2:72,-41,2452
Dlink,Elfais,18:0f:76:91:f2:72,-41,2452
Dlink,Elfais,18:0f:76:91:f2:72,-41,2452
Dlink,Elfais,18:0f:76:91:f2:72,-41,2452
Dlink,Elfais,18:0f:76:91:f2:72,-41,2452
Dlink,Elfais,18:0f:76:91:f2:72,-41,2452
Dlink,Elfais,18:0f:76:91:f2:72,-41,2452
Dlink,Elfais,18:0f:76:91:f2:72,-41,2452
Dlink,Elfais,18:0f:76:91:f2:72,-41,2452
Dlink,Elfais,18:0f:76:91:f2:72,-41,2452
Dlink,Elfais,18:0f:76:91:f2:72,-41,2452
Dlink,Elfais,18:0f:76:91:f2:72,-41,2452
Dlink,Elfais,18:0f:76:91:f2:72,-41,2452
Dlink,Elfais,18:0f:76:91:f2:72,-41,2452
Dlink,Elfais,18:0f:76:91:f2:72,-41,2452
Dlink,Elfais,18:0f:76:91:f2:72,-41,2452
Dlink,Elfais,18:0f:76:91:f2:72,-41,2452
Dlink,Elfais,18:0f:76:91:f2:72,-41,2452
Dlink,Elfais,18:0f:76:91:f2:72,-41,2452
Dlink,Elfais,18:0f:76:91:f2:72,-41,2452
Dlink,Elfais,18:0f:76:91:f2:72,-41,2452
Hp,Ephemeral blessing,ce:73:14:c4:7a:28,-54,2472
Hp,Ephemeral blessing,ce:73:14:c4:7a:28,-54,2472
Hp,Ephemeral blessing,ce:73:14:c4:7a:28,-54,2472
Hp,Ephemeral blessing,ce:73:14:c4:7a:28,-54,2472
Hp,Ephemeral blessing,ce:73:14:c4:7a:28,-54,2472
Hp,Ephemeral blessing,ce:73:14:c4:7a:28,-54,2472
Hp,Ephemeral blessing,ce:73:14:c4:7a:28,-54,2472
Hp,Ephemeral blessing,ce:73:14:c4:7a:28,-54,2472
Hp,Ephemeral blessing,ce:73:14:c4:7a:28,-54,2472
Hp,Ephemeral blessing,ce:73:14:c4:7a:28,-54,2472
Hp,Ephemeral blessing,ce:73:14:c4:7a:28,-54,2472
Hp,Ephemeral blessing,ce:73:14:c4:7a:28,-54,2472
Hp,Ephemeral blessing,ce:73:14:c4:7a:28,-54,2472
Hp,Ephemeral blessing,ce:73:14:c4:7a:28,-54,2472
Hp,Ephemeral blessing,ce:73:14:c4:7a:28,-54,2472
Hp,Ephemeral blessing,ce:73:14:c4:7a:28,-54,2472
Hp,Ephemeral blessing,ce:73:14:c4:7a:28,-54,2472
Hp,Ephemeral blessing,ce:73:14:c4:7a:28,-54,2472
Hp,Ephemeral blessing,ce:73:14:c4:7a:28,-54,2472
Hp,Ephemeral blessing,ce:73:14:c4:7a:28,-54,2472
Hp,Ephemeral blessing,ce:73:14:c4:7a:28,-54,2472
Hp,Ephemeral blessing,ce:73:14:c4:7a:28,-54,2472
Hp,Ephemeral blessing,ce:73:14:c4:7a:28,-54,2472
Hp,Ephemeral blessing,ce:73:14:c4:7a:28,-54,2472
Hp,Ephemeral blessing,ce:73:14:c4:7a:28,-54,2472
Hp,Ephemeral blessing,ce:73:14:c4:7a:28,-54,2472
Hp,Ephemeral blessing,ce:73:14:c4:7a:28,-54,2472
Hp,Ephemeral blessing,ce:73:14:c4:7a:28,-54,2472
Hp,Ephemeral blessing,ce:73:14:c4:7a:28,-54,2472
Hp,Ephemeral blessing,ce:73:14:c4:7a:28,-54,2472
Hp,Ephemeral blessing,ce:73:14:c4:7a:28,-54,2472
Hp,Ephemeral blessing,ce:73:14:c4:7a:28,-54,2472
Hp,Ephemeral blessing,ce:73:14:c4:7a:28,-54,2472
Hp,Ephemeral blessing,ce:73:14:c4:7a:28,-54,2472
Hp,Ephemeral blessing,ce:73:14:c4:7a:28,-53,2472
Hp,Ephemeral blessing,ce:73:14:c4:7a:28,-53,2472
Hp,Ephemeral blessing,ce:73:14:c4:7a:28,-53,2472
Hp,Ephemeral blessing,ce:73:14:c4:7a:28,-53,2472
Hp,Ephemeral blessing,ce:73:14:c4:7a:28,-53,2472
Hp,Ephemeral blessing,ce:73:14:c4:7a:28,-53,2472
Hp,Ephemeral blessing,ce:73:14:c4:7a:28,-53,2472
Hp,Ephemeral blessing,ce:73:14:c4:7a:28,-53,2472
Hp,Ephemeral blessing,ce:73:14:c4:7a:28,-53,2472
Hp,Ephemeral blessing,ce:73:14:c4:7a:28,-53,2472
Hp,Ephemeral blessing,ce:73:14:c4:7a:28,-53,2472
Hp,Ephemeral blessing,ce:73:14:c4:7a:28,-53,2472
Hp,Ephemeral blessing,ce:73:14:c4:7a:28,-53,2472
Hp,Ephemeral blessing,ce:73:14:c4:7a:28,-53,2472
Hp,Ephemeral blessing,ce:73:14:c4:7a:28,-53,2472
Hp,Ephemeral blessing,ce:73:14:c4:7a:28,-53,2472
Hp,Ephemeral blessing,ce:73:14:c4:7a:28,-53,2472
Hp,Ephemeral blessing,ce:73:14:c4:7a:28,-53,2472
Hp,Ephemeral blessing,ce:73:14:c4:7a:28,-53,2472
Hp,Ephemeral blessing,ce:73:14:c4:7a:28,-53,2472
Hp,Ephemeral blessing,ce:73:14:c4:7a:28,-53,2472
Hp,Ephemeral blessing,ce:73:14:c4:7a:28,-53,2472
Hp,Ephemeral blessing,ce:73:14:c4:7a:28,-53,2472
Hp,Ephemeral blessing,ce:73:14:c4:7a:28,-53,2472
Hp,Ephemeral blessing,ce:73:14:c4:7a:28,-53,2472
Hp,Ephemeral blessing,ce:73:14:c4:7a:28,-53,2472
Hp,Ephemeral blessing,ce:73:14:c4:7a:28,-53,2472
Hp,Ephemeral blessing,ce:73:14:c4:7a:28,-53,2472
Hp,Ephemeral blessing,ce:73:14:c4:7a:28,-53,2472
Hp,Ephemeral blessing,ce:73:14:c4:7a:28,-53,2472
Hp,Ephemeral blessing,ce:73:14:c4:7a:28,-53,2472
Hp,Ephemeral blessing,ce:73:14:c4:7a:28,-53,2472
Hp,Ephemeral blessing,ce:73:14:c4:7a:28,-53,2472
Hp,Ephemeral blessing,ce:73:14:c4:7a:28,-53,2472
Hp,Ephemeral blessing,ce:73:14:c4:7a:28,-53,2472
Hp,Ephemeral blessing,ce:73:14:c4:7a:28,-53,2472
Hp,Ephemeral blessing,ce:73:14:c4:7a:28,-53,2472
Hp,Ephemeral blessing,ce:73:14:c4:7a:28,-53,2472
Hp,Ephemeral blessing,ce:73:14:c4:7a:28,-53,2472
Hp,Ephemeral blessing,ce:73:14:c4:7a:28,-53,2472
Hp,Ephemeral blessing,ce:73:14:c4:7a:28,-53,2472
Hp,Ephemeral blessing,ce:73:14:c4:7a:28,-53,2472
Hp,Ephemeral blessing,ce:73:14:c4:7a:28,-53,2472
Hp,Ephemeral blessing,ce:73:14:c4:7a:28,-53,2472
Hp,Ephemeral blessing,ce:73:14:c4:7a:28,-53,2472
Hp,Ephemeral blessing,ce:73:14:c4:7a:28,-53,2472
Hp,Ephemeral blessing,ce:73:14:c4:7a:28,-53,2472
Hp,Ephemeral blessing,ce:73:14:c4:7a:28,-53,2472
Hp,Ephemeral blessing,ce:73:14:c4:7a:28,-53,2472
Hp,Ephemeral blessing,ce:73:14:c4:7a:28,-53,2472
Hp,Ephemeral blessing,ce:73:14:c4:7a:28,-53,2472
Hp,Ephemeral blessing,ce:73:14:c4:7a:28,-53,2472
Hp,Ephemeral blessing,ce:73:14:c4:7a:28,-53,2472
Hp,Ephemeral blessing,ce:73:14:c4:7a:28,-53,2472
Hp,Ephemeral blessing,ce:73:14:c4:7a:28,-53,2472
Hp,Ephemeral blessing,ce:73:14:c4:7a:28,-53,2472
Hp,Ephemeral blessing,ce:73:14:c4:7a:28,-53,2472
Hp,Ephemeral blessing,ce:73:14:c4:7a:28,-53,2472
Hp,Ephemeral blessing,ce:73:14:c4:7a:28,-53,2472
Hp,Ephemeral blessing,ce:73:14:c4:7a:28,-52,2472
Hp,Ephemeral blessing,ce:73:14:c4:7a:28,-52,2472
Hp,Ephemeral blessing,ce:73:14:c4:7a:28,-52,2472
Hp,Ephemeral blessing,ce:73:14:c4:7a:28,-52,2472
Hp,Ephemeral blessing,ce:73:14:c4:7a:28,-52,2472
Hp,Ephemeral blessing,ce:73:14:c4:7a:28,-52,2472
Hp,Ephemeral blessing,ce:73:14:c4:7a:28,-52,2472
tp,TP-LINK_E630,c0:25:e9:7a:e6:30,-53,2412
tp,TP-LINK_E630,c0:25:e9:7a:e6:30,-53,2412
tp,TP-LINK_E630,c0:25:e9:7a:e6:30,-53,2412
tp,TP-LINK_E630,c0:25:e9:7a:e6:30,-53,2412
tp,TP-LINK_E630,c0:25:e9:7a:e6:30,-53,2412
tp,TP-LINK_E630,c0:25:e9:7a:e6:30,-58,2412
tp,TP-LINK_E630,c0:25:e9:7a:e6:30,-58,2412
tp,TP-LINK_E630,c0:25:e9:7a:e6:30,-58,2412
tp,TP-LINK_E630,c0:25:e9:7a:e6:30,-58,2412
tp,TP-LINK_E630,c0:25:e9:7a:e6:30,-58,2412
tp,TP-LINK_E630,c0:25:e9:7a:e6:30,-58,2412
tp,TP-LINK_E630,c0:25:e9:7a:e6:30,-58,2412
tp,TP-LINK_E630,c0:25:e9:7a:e6:30,-58,2412
tp,TP-LINK_E630,c0:25:e9:7a:e6:30,-58,2412
tp,TP-LINK_E630,c0:25:e9:7a:e6:30,-58,2412
tp,TP-LINK_E630,c0:25:e9:7a:e6:30,-58,2412
tp,TP-LINK_E630,c0:25:e9:7a:e6:30,-58,2412
tp,TP-LINK_E630,c0:25:e9:7a:e6:30,-58,2412
tp,TP-LINK_E630,c0:25:e9:7a:e6:30,-58,2412
tp,TP-LINK_E630,c0:25:e9:7a:e6:30,-58,2412
tp,TP-LINK_E630,c0:25:e9:7a:e6:30,-58,2412
tp,TP-LINK_E630,c0:25:e9:7a:e6:30,-58,2412
tp,TP-LINK_E630,c0:25:e9:7a:e6:30,-58,2412
tp,TP-LINK_E630,c0:25:e9:7a:e6:30,-58,2412
tp,TP-LINK_E630,c0:25:e9:7a:e6:30,-58,2412
tp,TP-LINK_E630,c0:25:e9:7a:e6:30,-58,2412
tp,TP-LINK_E630,c0:25:e9:7a:e6:30,-58,2412
tp,TP-LINK_E630,c0:25:e9:7a:e6:30,-58,2412
tp,TP-LINK_E630,c0:25:e9:7a:e6:30,-58,2412
tp,TP-LINK_E630,c0:25:e9:7a:e6:30,-54,2412
tp,TP-LINK_E630,c0:25:e9:7a:e6:30,-54,2412
tp,TP-LINK_E630,c0:25:e9:7a:e6:30,-54,2412
tp,TP-LINK_E630,c0:25:e9:7a:e6:30,-54,2412
tp,TP-LINK_E630,c0:25:e9:7a:e6:30,-54,2412
tp,TP-LINK_E630,c0:25:e9:7a:e6:30,-54,2412
tp,TP-LINK_E630,c0:25:e9:7a:e6:30,-54,2412
tp,TP-LINK_E630,c0:25:e9:7a:e6:30,-54,2412
tp,TP-LINK_E630,c0:25:e9:7a:e6:30,-54,2412
tp,TP-LINK_E630,c0:25:e9:7a:e6:30,-54,2412
tp,TP-LINK_E630,c0:25:e9:7a:e6:30,-54,2412
tp,TP-LINK_E630,c0:25:e9:7a:e6:30,-54,2412
tp,TP-LINK_E630,c0:25:e9:7a:e6:30,-54,2412
tp,TP-LINK_E630,c0:25:e9:7a:e6:30,-54,2412
tp,TP-LINK_E630,c0:25:e9:7a:e6:30,-54,2412
tp,TP-LINK_E630,c0:25:e9:7a:e6:30,-54,2412
tp,TP-LINK_E630,c0:25:e9:7a:e6:30,-54,2412
tp,TP-LINK_E630,c0:25:e9:7a:e6:30,-54,2412
tp,TP-LINK_E630,c0:25:e9:7a:e6:30,-54,2412
tp,TP-LINK_E630,c0:25:e9:7a:e6:30,-54,2412
tp,TP-LINK_E630,c0:25:e9:7a:e6:30,-54,2412
tp,TP-LINK_E630,c0:25:e9:7a:e6:30,-54,2412
tp,TP-LINK_E630,c0:25:e9:7a:e6:30,-54,2412
tp,TP-LINK_E630,c0:25:e9:7a:e6:30,-54,2412
tp,TP-LINK_E630,c0:25:e9:7a:e6:30,-54,2412
tp,TP-LINK_E630,c0:25:e9:7a:e6:30,-54,2412
tp,TP-LINK_E630,c0:25:e9:7a:e6:30,-54,2412
tp,TP-LINK_E630,c0:25:e9:7a:e6:30,-54,2412
tp,TP-LINK_E630,c0:25:e9:7a:e6:30,-54,2412
tp,TP-LINK_E630,c0:25:e9:7a:e6:30,-54,2412
tp,TP-LINK_E630,c0:25:e9:7a:e6:30,-54,2412
tp,TP-LINK_E630,c0:25:e9:7a:e6:30,-54,2412
tp,TP-LINK_E630,c0:25:e9:7a:e6:30,-54,2412
tp,TP-LINK_E630,c0:25:e9:7a:e6:30,-54,2412
tp,TP-LINK_E630,c0:25:e9:7a:e6:30,-54,2412
tp,TP-LINK_E630,c0:25:e9:7a:e6:30,-54,2412
tp,TP-LINK_E630,c0:25:e9:7a:e6:30,-54,2412
tp,TP-LINK_E630,c0:25:e9:7a:e6:30,-54,2412
tp,TP-LINK_E630,c0:25:e9:7a:e6:30,-54,2412
tp,TP-LINK_E630,c0:25:e9:7a:e6:30,-54,2412
tp,TP-LINK_E630,c0:25:e9:7a:e6:30,-54,2412
tp,TP-LINK_E630,c0:25:e9:7a:e6:30,-54,2412
tp,TP-LINK_E630,c0:25:e9:7a:e6:30,-54,2412
tp,TP-LINK_E630,c0:25:e9:7a:e6:30,-54,2412
tp,TP-LINK_E630,c0:25:e9:7a:e6:30,-54,2412
tp,TP-LINK_E630,c0:25:e9:7a:e6:30,-54,2412
tp,TP-LINK_E630,c0:25:e9:7a:e6:30,-54,2412
tp,TP-LINK_E630,c0:25:e9:7a:e6:30,-54,2412
tp,TP-LINK_E630,c0:25:e9:7a:e6:30,-54,2412
tp,TP-LINK_E630,c0:25:e9:7a:e6:30,-54,2412
tp,TP-LINK_E630,c0:25:e9:7a:e6:30,-54,2412
tp,TP-LINK_E630,c0:25:e9:7a:e6:30,-54,2412
tp,TP-LINK_E630,c0:25:e9:7a:e6:30,-54,2412
tp,TP-LINK_E630,c0:25:e9:7a:e6:30,-54,2412
tp,TP-LINK_E630,c0:25:e9:7a:e6:30,-54,2412
tp,TP-LINK_E630,c0:25:e9:7a:e6:30,-54,2412
tp,TP-LINK_E630,c0:25:e9:7a:e6:30,-54,2412
tp,TP-LINK_E630,c0:25:e9:7a:e6:30,-54,2412
tp,TP-LINK_E630,c0:25:e9:7a:e6:30,-54,2412
tp,TP-LINK_E630,c0:25:e9:7a:e6:30,-54,2412
tp,TP-LINK_E630,c0:25:e9:7a:e6:30,-54,2412
tp,TP-LINK_E630,c0:25:e9:7a:e6:30,-54,2412
tp,TP-LINK_E630,c0:25:e9:7a:e6:30,-54,2412
tp,TP-LINK_E630,c0:25:e9:7a:e6:30,-54,2412
tp,TP-LINK_E630,c0:25:e9:7a:e6:30,-54,2412
tp,TP-LINK_E630,c0:25:e9:7a:e6:30,-54,2412
tp,TP-LINK_E630,c0:25:e9:7a:e6:30,-54,2412
tp,TP-LINK_E630,c0:25:e9:7a:e6:30,-54,2412
tp,TP-LINK_E630,c0:25:e9:7a:e6:30,-54,2412
tp,TP-LINK_E630,c0:25:e9:7a:e6:30,-54,2412
tp,TP-LINK_E630,c0:25:e9:7a:e6:30,-54,2412
