2,TP-LINK_E630,c0:25:e9:7a:e6:30,-54,2412
2,TP-LINK_E630,c0:25:e9:7a:e6:30,-54,2412
2,TP-LINK_E630,c0:25:e9:7a:e6:30,-54,2412
2,TP-LINK_E630,c0:25:e9:7a:e6:30,-54,2412
2,TP-LINK_E630,c0:25:e9:7a:e6:30,-54,2412
2,TP-LINK_E630,c0:25:e9:7a:e6:30,-57,2412
2,TP-LINK_E630,c0:25:e9:7a:e6:30,-57,2412
2,TP-LINK_E630,c0:25:e9:7a:e6:30,-57,2412
2,TP-LINK_E630,c0:25:e9:7a:e6:30,-57,2412
2,TP-LINK_E630,c0:25:e9:7a:e6:30,-57,2412
2,TP-LINK_E630,c0:25:e9:7a:e6:30,-57,2412
2,TP-LINK_E630,c0:25:e9:7a:e6:30,-57,2412
2,TP-LINK_E630,c0:25:e9:7a:e6:30,-57,2412
2,TP-LINK_E630,c0:25:e9:7a:e6:30,-57,2412
2,TP-LINK_E630,c0:25:e9:7a:e6:30,-57,2412
2,TP-LINK_E630,c0:25:e9:7a:e6:30,-57,2412
2,TP-LINK_E630,c0:25:e9:7a:e6:30,-57,2412
2,TP-LINK_E630,c0:25:e9:7a:e6:30,-57,2412
2,TP-LINK_E630,c0:25:e9:7a:e6:30,-57,2412
2,TP-LINK_E630,c0:25:e9:7a:e6:30,-57,2412
2,TP-LINK_E630,c0:25:e9:7a:e6:30,-57,2412
2,TP-LINK_E630,c0:25:e9:7a:e6:30,-57,2412
2,TP-LINK_E630,c0:25:e9:7a:e6:30,-57,2412
2,TP-LINK_E630,c0:25:e9:7a:e6:30,-57,2412
2,TP-LINK_E630,c0:25:e9:7a:e6:30,-57,2412
2,TP-LINK_E630,c0:25:e9:7a:e6:30,-57,2412
2,TP-LINK_E630,c0:25:e9:7a:e6:30,-57,2412
2,TP-LINK_E630,c0:25:e9:7a:e6:30,-57,2412
2,TP-LINK_E630,c0:25:e9:7a:e6:30,-57,2412
2,TP-LINK_E630,c0:25:e9:7a:e6:30,-57,2412
2,TP-LINK_E630,c0:25:e9:7a:e6:30,-57,2412
2,TP-LINK_E630,c0:25:e9:7a:e6:30,-57,2412
2,TP-LINK_E630,c0:25:e9:7a:e6:30,-57,2412
2,TP-LINK_E630,c0:25:e9:7a:e6:30,-57,2412
2,TP-LINK_E630,c0:25:e9:7a:e6:30,-57,2412
2,TP-LINK_E630,c0:25:e9:7a:e6:30,-57,2412
2,TP-LINK_E630,c0:25:e9:7a:e6:30,-57,2412
2,TP-LINK_E630,c0:25:e9:7a:e6:30,-57,2412
2,TP-LINK_E630,c0:25:e9:7a:e6:30,-57,2412
2,TP-LINK_E630,c0:25:e9:7a:e6:30,-57,2412
2,TP-LINK_E630,c0:25:e9:7a:e6:30,-57,2412
2,TP-LINK_E630,c0:25:e9:7a:e6:30,-57,2412
2,TP-LINK_E630,c0:25:e9:7a:e6:30,-57,2412
2,TP-LINK_E630,c0:25:e9:7a:e6:30,-57,2412
2,TP-LINK_E630,c0:25:e9:7a:e6:30,-57,2412
2,TP-LINK_E630,c0:25:e9:7a:e6:30,-57,2412
2,TP-LINK_E630,c0:25:e9:7a:e6:30,-57,2412
2,TP-LINK_E630,c0:25:e9:7a:e6:30,-57,2412
2,TP-LINK_E630,c0:25:e9:7a:e6:30,-57,2412
2,TP-LINK_E630,c0:25:e9:7a:e6:30,-57,2412
2,TP-LINK_E630,c0:25:e9:7a:e6:30,-57,2412
2,TP-LINK_E630,c0:25:e9:7a:e6:30,-57,2412
2,TP-LINK_E630,c0:25:e9:7a:e6:30,-55,2412
2,TP-LINK_E630,c0:25:e9:7a:e6:30,-55,2412
2,TP-LINK_E630,c0:25:e9:7a:e6:30,-55,2412
2,TP-LINK_E630,c0:25:e9:7a:e6:30,-55,2412
2,TP-LINK_E630,c0:25:e9:7a:e6:30,-55,2412
2,TP-LINK_E630,c0:25:e9:7a:e6:30,-55,2412
2,TP-LINK_E630,c0:25:e9:7a:e6:30,-55,2412
2,TP-LINK_E630,c0:25:e9:7a:e6:30,-55,2412
2,TP-LINK_E630,c0:25:e9:7a:e6:30,-55,2412
2,TP-LINK_E630,c0:25:e9:7a:e6:30,-55,2412
2,TP-LINK_E630,c0:25:e9:7a:e6:30,-55,2412
2,TP-LINK_E630,c0:25:e9:7a:e6:30,-55,2412
2,TP-LINK_E630,c0:25:e9:7a:e6:30,-55,2412
2,TP-LINK_E630,c0:25:e9:7a:e6:30,-55,2412
2,TP-LINK_E630,c0:25:e9:7a:e6:30,-55,2412
2,TP-LINK_E630,c0:25:e9:7a:e6:30,-55,2412
2,TP-LINK_E630,c0:25:e9:7a:e6:30,-55,2412
2,TP-LINK_E630,c0:25:e9:7a:e6:30,-55,2412
2,TP-LINK_E630,c0:25:e9:7a:e6:30,-55,2412
2,TP-LINK_E630,c0:25:e9:7a:e6:30,-55,2412
2,TP-LINK_E630,c0:25:e9:7a:e6:30,-55,2412
2,TP-LINK_E630,c0:25:e9:7a:e6:30,-55,2412
2,TP-LINK_E630,c0:25:e9:7a:e6:30,-55,2412
2,TP-LINK_E630,c0:25:e9:7a:e6:30,-55,2412
2,TP-LINK_E630,c0:25:e9:7a:e6:30,-55,2412
2,TP-LINK_E630,c0:25:e9:7a:e6:30,-55,2412
2,TP-LINK_E630,c0:25:e9:7a:e6:30,-55,2412
2,TP-LINK_E630,c0:25:e9:7a:e6:30,-55,2412
2,TP-LINK_E630,c0:25:e9:7a:e6:30,-55,2412
2,TP-LINK_E630,c0:25:e9:7a:e6:30,-55,2412
2,TP-LINK_E630,c0:25:e9:7a:e6:30,-55,2412
2,TP-LINK_E630,c0:25:e9:7a:e6:30,-55,2412
2,TP-LINK_E630,c0:25:e9:7a:e6:30,-55,2412
2,TP-LINK_E630,c0:25:e9:7a:e6:30,-55,2412
2,TP-LINK_E630,c0:25:e9:7a:e6:30,-55,2412
2,TP-LINK_E630,c0:25:e9:7a:e6:30,-55,2412
2,TP-LINK_E630,c0:25:e9:7a:e6:30,-55,2412
2,TP-LINK_E630,c0:25:e9:7a:e6:30,-55,2412
2,TP-LINK_E630,c0:25:e9:7a:e6:30,-55,2412
2,TP-LINK_E630,c0:25:e9:7a:e6:30,-55,2412
2,TP-LINK_E630,c0:25:e9:7a:e6:30,-55,2412
2,TP-LINK_E630,c0:25:e9:7a:e6:30,-55,2412
2,TP-LINK_E630,c0:25:e9:7a:e6:30,-55,2412
2,TP-LINK_E630,c0:25:e9:7a:e6:30,-55,2412
2,TP-LINK_E630,c0:25:e9:7a:e6:30,-55,2412
2,TP-LINK_E630,c0:25:e9:7a:e6:30,-55,2412
2,TP-LINK_E630,c0:25:e9:7a:e6:30,-55,2412
2,TP-LINK_E630,c0:25:e9:7a:e6:30,-55,2412
1.5,TP-LINK_E630,c0:25:e9:7a:e6:30,-57,2412
1.5,TP-LINK_E630,c0:25:e9:7a:e6:30,-57,2412
1.5,TP-LINK_E630,c0:25:e9:7a:e6:30,-57,2412
1.5,TP-LINK_E630,c0:25:e9:7a:e6:30,-57,2412
1.5,TP-LINK_E630,c0:25:e9:7a:e6:30,-57,2412
1.5,TP-LINK_E630,c0:25:e9:7a:e6:30,-57,2412
1.5,TP-LINK_E630,c0:25:e9:7a:e6:30,-57,2412
1.5,TP-LINK_E630,c0:25:e9:7a:e6:30,-57,2412
1.5,TP-LINK_E630,c0:25:e9:7a:e6:30,-57,2412
1.5,TP-LINK_E630,c0:25:e9:7a:e6:30,-57,2412
1.5,TP-LINK_E630,c0:25:e9:7a:e6:30,-57,2412
1.5,TP-LINK_E630,c0:25:e9:7a:e6:30,-57,2412
1.5,TP-LINK_E630,c0:25:e9:7a:e6:30,-57,2412
1.5,TP-LINK_E630,c0:25:e9:7a:e6:30,-57,2412
1.5,TP-LINK_E630,c0:25:e9:7a:e6:30,-57,2412
1.5,TP-LINK_E630,c0:25:e9:7a:e6:30,-57,2412
1.5,TP-LINK_E630,c0:25:e9:7a:e6:30,-57,2412
1.5,TP-LINK_E630,c0:25:e9:7a:e6:30,-57,2412
1.5,TP-LINK_E630,c0:25:e9:7a:e6:30,-57,2412
1.5,TP-LINK_E630,c0:25:e9:7a:e6:30,-57,2412
1.5,TP-LINK_E630,c0:25:e9:7a:e6:30,-57,2412
1.5,TP-LINK_E630,c0:25:e9:7a:e6:30,-57,2412
1.5,TP-LINK_E630,c0:25:e9:7a:e6:30,-57,2412
1.5,TP-LINK_E630,c0:25:e9:7a:e6:30,-57,2412
1.5,TP-LINK_E630,c0:25:e9:7a:e6:30,-57,2412
1.5,TP-LINK_E630,c0:25:e9:7a:e6:30,-57,2412
1.5,TP-LINK_E630,c0:25:e9:7a:e6:30,-57,2412
1.5,TP-LINK_E630,c0:25:e9:7a:e6:30,-57,2412
1.5,TP-LINK_E630,c0:25:e9:7a:e6:30,-57,2412
1.5,TP-LINK_E630,c0:25:e9:7a:e6:30,-57,2412
1.5,TP-LINK_E630,c0:25:e9:7a:e6:30,-55,2412
1.5,TP-LINK_E630,c0:25:e9:7a:e6:30,-55,2412
1.5,TP-LINK_E630,c0:25:e9:7a:e6:30,-55,2412
1.5,TP-LINK_E630,c0:25:e9:7a:e6:30,-55,2412
1.5,TP-LINK_E630,c0:25:e9:7a:e6:30,-55,2412
1.5,TP-LINK_E630,c0:25:e9:7a:e6:30,-55,2412
1.5,TP-LINK_E630,c0:25:e9:7a:e6:30,-55,2412
1.5,TP-LINK_E630,c0:25:e9:7a:e6:30,-55,2412
1.5,TP-LINK_E630,c0:25:e9:7a:e6:30,-55,2412
1.5,TP-LINK_E630,c0:25:e9:7a:e6:30,-55,2412
1.5,TP-LINK_E630,c0:25:e9:7a:e6:30,-55,2412
1.5,TP-LINK_E630,c0:25:e9:7a:e6:30,-55,2412
1.5,TP-LINK_E630,c0:25:e9:7a:e6:30,-55,2412
1.5,TP-LINK_E630,c0:25:e9:7a:e6:30,-55,2412
1.5,TP-LINK_E630,c0:25:e9:7a:e6:30,-55,2412
1.5,TP-LINK_E630,c0:25:e9:7a:e6:30,-55,2412
1.5,TP-LINK_E630,c0:25:e9:7a:e6:30,-55,2412
1.5,TP-LINK_E630,c0:25:e9:7a:e6:30,-55,2412
1.5,TP-LINK_E630,c0:25:e9:7a:e6:30,-55,2412
1.5,TP-LINK_E630,c0:25:e9:7a:e6:30,-55,2412
1.5,TP-LINK_E630,c0:25:e9:7a:e6:30,-55,2412
1.5,TP-LINK_E630,c0:25:e9:7a:e6:30,-55,2412
1.5,TP-LINK_E630,c0:25:e9:7a:e6:30,-55,2412
1.5,TP-LINK_E630,c0:25:e9:7a:e6:30,-55,2412
1.5,TP-LINK_E630,c0:25:e9:7a:e6:30,-55,2412
1.5,TP-LINK_E630,c0:25:e9:7a:e6:30,-55,2412
1.5,TP-LINK_E630,c0:25:e9:7a:e6:30,-55,2412
1.5,TP-LINK_E630,c0:25:e9:7a:e6:30,-55,2412
1.5,TP-LINK_E630,c0:25:e9:7a:e6:30,-55,2412
1.5,TP-LINK_E630,c0:25:e9:7a:e6:30,-55,2412
1.5,TP-LINK_E630,c0:25:e9:7a:e6:30,-55,2412
1.5,TP-LINK_E630,c0:25:e9:7a:e6:30,-55,2412
1.5,TP-LINK_E630,c0:25:e9:7a:e6:30,-55,2412
1.5,TP-LINK_E630,c0:25:e9:7a:e6:30,-55,2412
1.5,TP-LINK_E630,c0:25:e9:7a:e6:30,-55,2412
1.5,TP-LINK_E630,c0:25:e9:7a:e6:30,-55,2412
1.5,TP-LINK_E630,c0:25:e9:7a:e6:30,-55,2412
1.5,TP-LINK_E630,c0:25:e9:7a:e6:30,-55,2412
1.5,TP-LINK_E630,c0:25:e9:7a:e6:30,-55,2412
1.5,TP-LINK_E630,c0:25:e9:7a:e6:30,-55,2412
1.5,TP-LINK_E630,c0:25:e9:7a:e6:30,-55,2412
1.5,TP-LINK_E630,c0:25:e9:7a:e6:30,-55,2412
1.5,TP-LINK_E630,c0:25:e9:7a:e6:30,-55,2412
1.5,TP-LINK_E630,c0:25:e9:7a:e6:30,-55,2412
1.5,TP-LINK_E630,c0:25:e9:7a:e6:30,-55,2412
1.5,TP-LINK_E630,c0:25:e9:7a:e6:30,-55,2412
1.5,TP-LINK_E630,c0:25:e9:7a:e6:30,-55,2412
1.5,TP-LINK_E630,c0:25:e9:7a:e6:30,-55,2412
1.5,TP-LINK_E630,c0:25:e9:7a:e6:30,-55,2412
1.5,TP-LINK_E630,c0:25:e9:7a:e6:30,-55,2412
1.5,TP-LINK_E630,c0:25:e9:7a:e6:30,-55,2412
1.5,TP-LINK_E630,c0:25:e9:7a:e6:30,-55,2412
1.5,TP-LINK_E630,c0:25:e9:7a:e6:30,-55,2412
1.5,TP-LINK_E630,c0:25:e9:7a:e6:30,-55,2412
1.5,TP-LINK_E630,c0:25:e9:7a:e6:30,-55,2412
1.5,TP-LINK_E630,c0:25:e9:7a:e6:30,-55,2412
1.5,TP-LINK_E630,c0:25:e9:7a:e6:30,-55,2412
1.5,TP-LINK_E630,c0:25:e9:7a:e6:30,-55,2412
1.5,TP-LINK_E630,c0:25:e9:7a:e6:30,-55,2412
1.5,TP-LINK_E630,c0:25:e9:7a:e6:30,-55,2412
1.5,TP-LINK_E630,c0:25:e9:7a:e6:30,-55,2412
1.5,TP-LINK_E630,c0:25:e9:7a:e6:30,-55,2412
1.5,TP-LINK_E630,c0:25:e9:7a:e6:30,-55,2412
1.5,TP-LINK_E630,c0:25:e9:7a:e6:30,-55,2412
1.5,TP-LINK_E630,c0:25:e9:7a:e6:30,-55,2412
1.5,TP-LINK_E630,c0:25:e9:7a:e6:30,-55,2412
1.5,TP-LINK_E630,c0:25:e9:7a:e6:30,-55,2412
1.5,TP-LINK_E630,c0:25:e9:7a:e6:30,-55,2412
1.5,TP-LINK_E630,c0:25:e9:7a:e6:30,-55,2412
1.5,TP-LINK_E630,c0:25:e9:7a:e6:30,-55,2412
2.5,TP-LINK_E630,c0:25:e9:7a:e6:30,-55,2412
2.5,TP-LINK_E630,c0:25:e9:7a:e6:30,-55,2412
2.5,TP-LINK_E630,c0:25:e9:7a:e6:30,-55,2412
2.5,TP-LINK_E630,c0:25:e9:7a:e6:30,-55,2412
2.5,TP-LINK_E630,c0:25:e9:7a:e6:30,-55,2412
2.5,TP-LINK_E630,c0:25:e9:7a:e6:30,-61,2412
2.5,TP-LINK_E630,c0:25:e9:7a:e6:30,-61,2412
2.5,TP-LINK_E630,c0:25:e9:7a:e6:30,-61,2412
2.5,TP-LINK_E630,c0:25:e9:7a:e6:30,-61,2412
2.5,TP-LINK_E630,c0:25:e9:7a:e6:30,-61,2412
2.5,TP-LINK_E630,c0:25:e9:7a:e6:30,-61,2412
2.5,TP-LINK_E630,c0:25:e9:7a:e6:30,-61,2412
2.5,TP-LINK_E630,c0:25:e9:7a:e6:30,-61,2412
2.5,TP-LINK_E630,c0:25:e9:7a:e6:30,-61,2412
2.5,TP-LINK_E630,c0:25:e9:7a:e6:30,-61,2412
2.5,TP-LINK_E630,c0:25:e9:7a:e6:30,-61,2412
2.5,TP-LINK_E630,c0:25:e9:7a:e6:30,-61,2412
2.5,TP-LINK_E630,c0:25:e9:7a:e6:30,-61,2412
2.5,TP-LINK_E630,c0:25:e9:7a:e6:30,-61,2412
2.5,TP-LINK_E630,c0:25:e9:7a:e6:30,-61,2412
2.5,TP-LINK_E630,c0:25:e9:7a:e6:30,-61,2412
2.5,TP-LINK_E630,c0:25:e9:7a:e6:30,-61,2412
2.5,TP-LINK_E630,c0:25:e9:7a:e6:30,-61,2412
2.5,TP-LINK_E630,c0:25:e9:7a:e6:30,-61,2412
2.5,TP-LINK_E630,c0:25:e9:7a:e6:30,-61,2412
2.5,TP-LINK_E630,c0:25:e9:7a:e6:30,-61,2412
2.5,TP-LINK_E630,c0:25:e9:7a:e6:30,-61,2412
2.5,TP-LINK_E630,c0:25:e9:7a:e6:30,-61,2412
2.5,TP-LINK_E630,c0:25:e9:7a:e6:30,-61,2412
2.5,TP-LINK_E630,c0:25:e9:7a:e6:30,-60,2412
2.5,TP-LINK_E630,c0:25:e9:7a:e6:30,-60,2412
2.5,TP-LINK_E630,c0:25:e9:7a:e6:30,-60,2412
2.5,TP-LINK_E630,c0:25:e9:7a:e6:30,-60,2412
2.5,TP-LINK_E630,c0:25:e9:7a:e6:30,-60,2412
2.5,TP-LINK_E630,c0:25:e9:7a:e6:30,-60,2412
2.5,TP-LINK_E630,c0:25:e9:7a:e6:30,-60,2412
2.5,TP-LINK_E630,c0:25:e9:7a:e6:30,-60,2412
2.5,TP-LINK_E630,c0:25:e9:7a:e6:30,-60,2412
2.5,TP-LINK_E630,c0:25:e9:7a:e6:30,-60,2412
2.5,TP-LINK_E630,c0:25:e9:7a:e6:30,-60,2412
2.5,TP-LINK_E630,c0:25:e9:7a:e6:30,-60,2412
2.5,TP-LINK_E630,c0:25:e9:7a:e6:30,-60,2412
2.5,TP-LINK_E630,c0:25:e9:7a:e6:30,-60,2412
2.5,TP-LINK_E630,c0:25:e9:7a:e6:30,-60,2412
2.5,TP-LINK_E630,c0:25:e9:7a:e6:30,-60,2412
2.5,TP-LINK_E630,c0:25:e9:7a:e6:30,-60,2412
2.5,TP-LINK_E630,c0:25:e9:7a:e6:30,-60,2412
2.5,TP-LINK_E630,c0:25:e9:7a:e6:30,-60,2412
2.5,TP-LINK_E630,c0:25:e9:7a:e6:30,-60,2412
2.5,TP-LINK_E630,c0:25:e9:7a:e6:30,-60,2412
2.5,TP-LINK_E630,c0:25:e9:7a:e6:30,-60,2412
2.5,TP-LINK_E630,c0:25:e9:7a:e6:30,-60,2412
2.5,TP-LINK_E630,c0:25:e9:7a:e6:30,-60,2412
2.5,TP-LINK_E630,c0:25:e9:7a:e6:30,-60,2412
2.5,TP-LINK_E630,c0:25:e9:7a:e6:30,-60,2412
2.5,TP-LINK_E630,c0:25:e9:7a:e6:30,-60,2412
2.5,TP-LINK_E630,c0:25:e9:7a:e6:30,-60,2412
2.5,TP-LINK_E630,c0:25:e9:7a:e6:30,-60,2412
2.5,TP-LINK_E630,c0:25:e9:7a:e6:30,-60,2412
2.5,TP-LINK_E630,c0:25:e9:7a:e6:30,-60,2412
2.5,TP-LINK_E630,c0:25:e9:7a:e6:30,-60,2412
2.5,TP-LINK_E630,c0:25:e9:7a:e6:30,-60,2412
2.5,TP-LINK_E630,c0:25:e9:7a:e6:30,-60,2412
2.5,TP-LINK_E630,c0:25:e9:7a:e6:30,-60,2412
2.5,TP-LINK_E630,c0:25:e9:7a:e6:30,-60,2412
2.5,TP-LINK_E630,c0:25:e9:7a:e6:30,-60,2412
2.5,TP-LINK_E630,c0:25:e9:7a:e6:30,-60,2412
2.5,TP-LINK_E630,c0:25:e9:7a:e6:30,-60,2412
2.5,TP-LINK_E630,c0:25:e9:7a:e6:30,-60,2412
2.5,TP-LINK_E630,c0:25:e9:7a:e6:30,-60,2412
2.5,TP-LINK_E630,c0:25:e9:7a:e6:30,-60,2412
2.5,TP-LINK_E630,c0:25:e9:7a:e6:30,-60,2412
2.5,TP-LINK_E630,c0:25:e9:7a:e6:30,-60,2412
2.5,TP-LINK_E630,c0:25:e9:7a:e6:30,-60,2412
2.5,TP-LINK_E630,c0:25:e9:7a:e6:30,-60,2412
2.5,TP-LINK_E630,c0:25:e9:7a:e6:30,-60,2412
2.5,TP-LINK_E630,c0:25:e9:7a:e6:30,-60,2412
2.5,TP-LINK_E630,c0:25:e9:7a:e6:30,-62,2412
2.5,TP-LINK_E630,c0:25:e9:7a:e6:30,-62,2412
2.5,TP-LINK_E630,c0:25:e9:7a:e6:30,-62,2412
2.5,TP-LINK_E630,c0:25:e9:7a:e6:30,-62,2412
2.5,TP-LINK_E630,c0:25:e9:7a:e6:30,-62,2412
2.5,TP-LINK_E630,c0:25:e9:7a:e6:30,-62,2412
2.5,TP-LINK_E630,c0:25:e9:7a:e6:30,-62,2412
2.5,TP-LINK_E630,c0:25:e9:7a:e6:30,-62,2412
2.5,TP-LINK_E630,c0:25:e9:7a:e6:30,-62,2412
2.5,TP-LINK_E630,c0:25:e9:7a:e6:30,-62,2412
2.5,TP-LINK_E630,c0:25:e9:7a:e6:30,-62,2412
2.5,TP-LINK_E630,c0:25:e9:7a:e6:30,-62,2412
2.5,TP-LINK_E630,c0:25:e9:7a:e6:30,-62,2412
2.5,TP-LINK_E630,c0:25:e9:7a:e6:30,-62,2412
2.5,TP-LINK_E630,c0:25:e9:7a:e6:30,-62,2412
2.5,TP-LINK_E630,c0:25:e9:7a:e6:30,-62,2412
2.5,TP-LINK_E630,c0:25:e9:7a:e6:30,-64,2412
2.5,TP-LINK_E630,c0:25:e9:7a:e6:30,-64,2412
2.5,TP-LINK_E630,c0:25:e9:7a:e6:30,-64,2412
2.5,TP-LINK_E630,c0:25:e9:7a:e6:30,-64,2412
2.5,TP-LINK_E630,c0:25:e9:7a:e6:30,-64,2412
2.5,TP-LINK_E630,c0:25:e9:7a:e6:30,-64,2412
2.5,TP-LINK_E630,c0:25:e9:7a:e6:30,-64,2412
3,TP-LINK_E630,c0:25:e9:7a:e6:30,-64,2412
3,TP-LINK_E630,c0:25:e9:7a:e6:30,-64,2412
3,TP-LINK_E630,c0:25:e9:7a:e6:30,-64,2412
3,TP-LINK_E630,c0:25:e9:7a:e6:30,-64,2412
3,TP-LINK_E630,c0:25:e9:7a:e6:30,-64,2412
3,TP-LINK_E630,c0:25:e9:7a:e6:30,-62,2412
3,TP-LINK_E630,c0:25:e9:7a:e6:30,-62,2412
3,TP-LINK_E630,c0:25:e9:7a:e6:30,-62,2412
3,TP-LINK_E630,c0:25:e9:7a:e6:30,-62,2412
3,TP-LINK_E630,c0:25:e9:7a:e6:30,-62,2412
3,TP-LINK_E630,c0:25:e9:7a:e6:30,-62,2412
3,TP-LINK_E630,c0:25:e9:7a:e6:30,-62,2412
3,TP-LINK_E630,c0:25:e9:7a:e6:30,-62,2412
3,TP-LINK_E630,c0:25:e9:7a:e6:30,-62,2412
3,TP-LINK_E630,c0:25:e9:7a:e6:30,-62,2412
3,TP-LINK_E630,c0:25:e9:7a:e6:30,-62,2412
3,TP-LINK_E630,c0:25:e9:7a:e6:30,-62,2412
3,TP-LINK_E630,c0:25:e9:7a:e6:30,-62,2412
3,TP-LINK_E630,c0:25:e9:7a:e6:30,-62,2412
3,TP-LINK_E630,c0:25:e9:7a:e6:30,-62,2412
3,TP-LINK_E630,c0:25:e9:7a:e6:30,-62,2412
3,TP-LINK_E630,c0:25:e9:7a:e6:30,-62,2412
3,TP-LINK_E630,c0:25:e9:7a:e6:30,-62,2412
3,TP-LINK_E630,c0:25:e9:7a:e6:30,-62,2412
3,TP-LINK_E630,c0:25:e9:7a:e6:30,-62,2412
3,TP-LINK_E630,c0:25:e9:7a:e6:30,-62,2412
3,TP-LINK_E630,c0:25:e9:7a:e6:30,-62,2412
3,TP-LINK_E630,c0:25:e9:7a:e6:30,-62,2412
3,TP-LINK_E630,c0:25:e9:7a:e6:30,-62,2412
3,TP-LINK_E630,c0:25:e9:7a:e6:30,-62,2412
3,TP-LINK_E630,c0:25:e9:7a:e6:30,-62,2412
3,TP-LINK_E630,c0:25:e9:7a:e6:30,-62,2412
3,TP-LINK_E630,c0:25:e9:7a:e6:30,-62,2412
3,TP-LINK_E630,c0:25:e9:7a:e6:30,-62,2412
3,TP-LINK_E630,c0:25:e9:7a:e6:30,-62,2412
3,TP-LINK_E630,c0:25:e9:7a:e6:30,-62,2412
3,TP-LINK_E630,c0:25:e9:7a:e6:30,-62,2412
3,TP-LINK_E630,c0:25:e9:7a:e6:30,-62,2412
3,TP-LINK_E630,c0:25:e9:7a:e6:30,-62,2412
3,TP-LINK_E630,c0:25:e9:7a:e6:30,-62,2412
3,TP-LINK_E630,c0:25:e9:7a:e6:30,-62,2412
3,TP-LINK_E630,c0:25:e9:7a:e6:30,-62,2412
3,TP-LINK_E630,c0:25:e9:7a:e6:30,-62,2412
3,TP-LINK_E630,c0:25:e9:7a:e6:30,-62,2412
3,TP-LINK_E630,c0:25:e9:7a:e6:30,-62,2412
3,TP-LINK_E630,c0:25:e9:7a:e6:30,-62,2412
3,TP-LINK_E630,c0:25:e9:7a:e6:30,-62,2412
3,TP-LINK_E630,c0:25:e9:7a:e6:30,-62,2412
3,TP-LINK_E630,c0:25:e9:7a:e6:30,-62,2412
3,TP-LINK_E630,c0:25:e9:7a:e6:30,-62,2412
3,TP-LINK_E630,c0:25:e9:7a:e6:30,-62,2412
3,TP-LINK_E630,c0:25:e9:7a:e6:30,-62,2412
3,TP-LINK_E630,c0:25:e9:7a:e6:30,-62,2412
3,TP-LINK_E630,c0:25:e9:7a:e6:30,-62,2412
3,TP-LINK_E630,c0:25:e9:7a:e6:30,-62,2412
3,TP-LINK_E630,c0:25:e9:7a:e6:30,-62,2412
3,TP-LINK_E630,c0:25:e9:7a:e6:30,-62,2412
3,TP-LINK_E630,c0:25:e9:7a:e6:30,-62,2412
3,TP-LINK_E630,c0:25:e9:7a:e6:30,-62,2412
3,TP-LINK_E630,c0:25:e9:7a:e6:30,-62,2412
3,TP-LINK_E630,c0:25:e9:7a:e6:30,-62,2412
3,TP-LINK_E630,c0:25:e9:7a:e6:30,-62,2412
3,TP-LINK_E630,c0:25:e9:7a:e6:30,-62,2412
3,TP-LINK_E630,c0:25:e9:7a:e6:30,-62,2412
3,TP-LINK_E630,c0:25:e9:7a:e6:30,-62,2412
3,TP-LINK_E630,c0:25:e9:7a:e6:30,-62,2412
3,TP-LINK_E630,c0:25:e9:7a:e6:30,-62,2412
3,TP-LINK_E630,c0:25:e9:7a:e6:30,-62,2412
3,TP-LINK_E630,c0:25:e9:7a:e6:30,-62,2412
3,TP-LINK_E630,c0:25:e9:7a:e6:30,-62,2412
3,TP-LINK_E630,c0:25:e9:7a:e6:30,-62,2412
3,TP-LINK_E630,c0:25:e9:7a:e6:30,-62,2412
3,TP-LINK_E630,c0:25:e9:7a:e6:30,-62,2412
3,TP-LINK_E630,c0:25:e9:7a:e6:30,-62,2412
3,TP-LINK_E630,c0:25:e9:7a:e6:30,-62,2412
3,TP-LINK_E630,c0:25:e9:7a:e6:30,-62,2412
3,TP-LINK_E630,c0:25:e9:7a:e6:30,-62,2412
3,TP-LINK_E630,c0:25:e9:7a:e6:30,-62,2412
3,TP-LINK_E630,c0:25:e9:7a:e6:30,-62,2412
3,TP-LINK_E630,c0:25:e9:7a:e6:30,-62,2412
3,TP-LINK_E630,c0:25:e9:7a:e6:30,-62,2412
3,TP-LINK_E630,c0:25:e9:7a:e6:30,-62,2412
3,TP-LINK_E630,c0:25:e9:7a:e6:30,-62,2412
3,TP-LINK_E630,c0:25:e9:7a:e6:30,-62,2412
3,TP-LINK_E630,c0:25:e9:7a:e6:30,-62,2412
3,TP-LINK_E630,c0:25:e9:7a:e6:30,-62,2412
3,TP-LINK_E630,c0:25:e9:7a:e6:30,-62,2412
3,TP-LINK_E630,c0:25:e9:7a:e6:30,-62,2412
3,TP-LINK_E630,c0:25:e9:7a:e6:30,-62,2412
3,TP-LINK_E630,c0:25:e9:7a:e6:30,-62,2412
3,TP-LINK_E630,c0:25:e9:7a:e6:30,-62,2412
3,TP-LINK_E630,c0:25:e9:7a:e6:30,-62,2412
3,TP-LINK_E630,c0:25:e9:7a:e6:30,-62,2412
3,TP-LINK_E630,c0:25:e9:7a:e6:30,-62,2412
3,TP-LINK_E630,c0:25:e9:7a:e6:30,-62,2412
3,TP-LINK_E630,c0:25:e9:7a:e6:30,-62,2412
3,TP-LINK_E630,c0:25:e9:7a:e6:30,-62,2412
3,TP-LINK_E630,c0:25:e9:7a:e6:30,-62,2412
3,TP-LINK_E630,c0:25:e9:7a:e6:30,-62,2412
3,TP-LINK_E630,c0:25:e9:7a:e6:30,-62,2412
